case,name,family,seed,tag,k,bank,input,weights,bias,multiplier,shift,relu_mask,input_zp,weight_zp,output_zp,source_gap,sink_stall,expected_word,accumulator,product,expected,bank_swap,result_classes
0,k4_bank0,directed,104,0,4,0,"[-12, -2, -25, 5]","[-6, -4, -16, -4, -13, 7, 5, 11, 1, 7, 4, -13, 11, 6, 11, 0]","[-16, -5, -45, 39]","[1, 1, 1, 1]","[0, 0, 0, 0]",0,0,"[0, 0, 0, 0]","[0, 0, 0, 0]",0,0,2155889535,"[444, 67, -236, -380]","[444, 67, -236, -380]","[127, 67, -128, -128]",0,"[""sat_pos"", ""positive"", ""sat_neg"", ""sat_neg""]"
1,k8_bank0,directed,108,1,8,0,"[-24, 24, 31, -21, -10, -6, -32, -2]","[5, -3, -7, -13, 5, -4, -11, -1, 6, -15, 1, 4, -5, -2, 9, 13, 3, 4, -5, -10, -6, 10, 10, -14, -16, 13, -4, -12, -12, -3, 10, 9]","[30, 57, 60, 30]","[1, 1, 1, 1]","[0, 0, 0, 0]",0,0,"[0, 0, 0, 0]","[0, 0, 0, 0]",0,0,2139127935,"[222, -752, -153, 654]","[222, -752, -153, 654]","[127, -128, -128, 127]",0,"[""sat_pos"", ""sat_neg"", ""sat_neg"", ""sat_pos""]"
2,k16_bank0,directed,116,2,16,0,"[-19, -10, -29, 11, -11, 14, 24, -32, -23, -31, 24, 20, -7, -5, -21, -24]","[-4, -11, 1, -1, -13, 3, -4, -12, -8, -5, 4, -8, 4, -12, 9, 6, -12, 10, 5, -11, -14, -4, -11, -3, -1, 1, -10, -6, 13, 9, 3, 12, 8, 5, -8, 1, -12, -13, -6, 15, 5, -14, -3, -13, -11, -7, -11, 13, -5, 11, 15, -9, -8, -2, -16, -4, -15, 10, -6, 14, -12, -13, 3, -12]","[31, -6, 11, -50]","[1, 1, 1, 1]","[0, 0, 0, 0]",0,0,"[0, 0, 0, 0]","[0, 0, 0, 0]",0,0,2155905151,"[624, -1069, -604, -250]","[624, -1069, -604, -250]","[127, -128, -128, -128]",0,"[""sat_pos"", ""sat_neg"", ""sat_neg"", ""sat_neg""]"
3,k32_bank0,directed,132,3,32,0,"[28, -27, 23, -16, 10, -20, 5, -17, 19, 20, -5, 10, -19, -13, -24, -22, 5, 27, -15, 14, 30, -9, 32, -2, -5, -31, 22, 10, 24, -3, -25, 32]","[16, -5, -14, -5, -12, 1, 3, 13, 11, -2, 6, 3, -15, 15, -10, 12, 15, 6, -6, 10, 5, -9, 1, 8, 1, -10, 10, 16, -14, 14, 16, -8, 3, -9, 14, 5, 8, -5, -7, 5, 15, -16, 15, -14, -2, -6, 11, 0, -16, 15, 14, -14, -6, -2, -6, -15, 5, 1, -2, 2, 2, -15, -6, -10, -5, 11, 1, -6, -4, -15, 14, -14, -12, 13, 13, -2, 9, -11, -5, -16, -4, 16, 16, 15, 6, -1, -16, 0, -15, 1, 1, 12, -14, 12, 3, 6, -3, -11, 12, -13, 9, 7, 7, -12, -13, 12, 6, 5, 1, 14, -9, -8, 7, 10, 8, 8, 14, -8, -13, -5, -12, 11, 16, -9, -3, 10, -2, 16]","[-8, -1, -54, 22]","[1, 1, 1, 1]","[0, 0, 0, 0]",0,0,"[0, 0, 0, 0]","[0, 0, 0, 0]",0,0,2139062399,"[587, -332, 577, 1936]","[587, -332, 577, 1936]","[127, -128, 127, 127]",0,"[""sat_pos"", ""sat_neg"", ""sat_pos"", ""sat_pos""]"
4,k64_bank0,directed,164,4,64,0,"[-21, -24, -23, 8, -11, 11, 25, -8, 17, 19, 21, 27, 32, -25, -25, -11, -32, 9, 1, 12, 25, 21, -16, -29, 16, 13, 27, -8, -32, -22, 9, -21, -10, -15, -13, 9, 32, -26, -26, -29, -28, 31, -18, 28, 20, -21, -22, -29, -24, -15, 8, 32, -8, 18, -32, 8, -12, -25, -31, -26, 25, -14, 24, -11]","[10, -3, -3, -5, 1, 9, -11, -11, 11, -12, -12, 16, -6, 6, -6, 11, 3, 0, 14, 14, 1, 4, -12, -10, 16, 6, -10, 14, -7, 5, -4, 2, 15, -12, 3, -16, 15, -6, -9, -6, 3, 12, -14, -9, -11, 8, -9, -8, -4, -9, -1, -4, 7, 10, -12, -7, -11, 8, 10, -16, -3, -2, 13, 10, 13, -7, -2, 7, -9, -13, -8, 8, 10, -12, -4, 12, -3, 2, -16, 12, 14, 13, -16, 3, 14, -3, -9, -14, -12, 7, 15, 8, 8, 13, 16, 10, -2, 1, 6, -1, -2, -8, -5, 7, 13, -7, -16, -9, 13, -7, 5, 16, -7, -4, -6, 16, 7, -14, -1, -4, 14, 4, 2, 11, 1, -10, 4, -16, 4, -10, -4, -8, 0, -6, -9, -11, 6, 8, 16, -7, 14, -16, 10, -14, -8, 0, 6, -13, 15, -16, 11, 2, 16, 13, 8, -1, 16, 1, -8, -14, 8, 9, 15, -14, 2, -1, 4, 10, 9, 1, -16, 16, 8, 16, -11, -13, -9, 12, -1, -8, -10, -4, -1, 8, 11, -8, 6, 5, -6, -4, 0, 5, -13, -12, -3, 14, 13, -8, 13, 7, 3, 7, 5, -13, -9, -13, 10, -4, -12, -16, -6, -4, -13, -3, -9, 4, -16, 5, 10, -7, 6, 1, 13, -15, -2, -16, 11, -11, 12, 14, -12, 8, 9, -2, 2, 14, -4, 10, 13, 2, -13, -9, 11, 10, 10, 9, 3, -15, 4, -12, -11, -2, 9, 2, 1, 9]","[61, 12, 31, -52]","[1, 1, 1, 1]","[0, 0, 0, 0]",0,0,"[0, 0, 0, 0]","[0, 0, 0, 0]",0,0,2139062399,"[2305, -355, 1010, 1690]","[2305, -355, 1010, 1690]","[127, -128, 127, 127]",0,"[""sat_pos"", ""sat_neg"", ""sat_pos"", ""sat_pos""]"
5,k4_bank1,directed,105,5,4,1,"[-18, -17, 17, -28]","[-12, 1, -12, -13, -8, -14, 15, -1, -1, -3, -1, 7, -13, -10, 7, -10]","[24, -58, -11, -24]","[1, 1, 1, 1]","[0, 0, 0, 0]",0,0,"[0, 0, 0, 0]","[0, 0, 0, 0]",0,0,2139127679,"[383, 607, -155, 779]","[383, 607, -155, 779]","[127, 127, -128, 127]",1,"[""sat_pos"", ""sat_pos"", ""sat_neg"", ""sat_pos""]"
6,k8_bank1,directed,109,6,8,1,"[-11, 29, 4, -6, 4, 22, -12, 15]","[3, -4, -4, -13, 9, -11, 13, -12, 11, 9, -11, -2, 14, -9, -5, -16, 15, 4, 5, 2, 6, -13, -11, -4, 6, 4, 2, 0, -8, -14, -12, -13]","[-6, -31, -25, -18]","[1, 1, 1, 1]","[0, 0, 0, 0]",0,0,"[0, 0, 0, 0]","[0, 0, 0, 0]",0,0,2155905152,"[-635, -245, -256, -351]","[-635, -245, -256, -351]","[-128, -128, -128, -128]",0,"[""sat_neg"", ""sat_neg"", ""sat_neg"", ""sat_neg""]"
7,k16_bank1,directed,117,7,16,1,"[32, 29, 4, -22, -11, 25, -14, 31, 13, 4, -17, 31, -6, 7, 11, 29]","[2, -8, 7, -2, 3, -2, -6, 14, 6, -3, -9, -2, -1, 2, 11, -11, 12, -10, -10, 13, -13, 13, 15, 3, -8, -3, -16, 14, -11, -8, 9, 0, -7, -16, 8, 5, -9, 13, 8, -15, 4, -12, -16, -5, -5, -9, -7, 3, -14, -12, -11, 6, 13, 9, -1, -16, -8, 12, 2, 12, 14, 5, -6, 4]","[61, -9, 46, 3]","[1, 1, 1, 1]","[0, 0, 0, 0]",0,0,"[0, 0, 0, 0]","[0, 0, 0, 0]",0,0,2155904895,"[379, 809, -775, -1086]","[379, 809, -775, -1086]","[127, 127, -128, -128]",0,"[""sat_pos"", ""sat_pos"", ""sat_neg"", ""sat_neg""]"
8,k32_bank1,directed,133,8,32,1,"[-10, -18, -13, 30, -14, 11, -10, -22, 4, 26, 13, -6, -12, -6, -14, -23, 32, 4, 12, 18, 18, -28, -10, -1, 7, 4, -4, -3, 7, -15, 23, 17]","[10, 10, -6, -16, -16, -5, -5, -10, -5, -1, 0, 5, -10, 15, 4, -11, 6, 11, 0, 9, -1, -6, -4, 6, -8, 10, 6, -12, -5, 6, 2, 3, -1, -2, 12, 16, -14, -1, 12, 14, 16, -13, -5, 14, 5, -6, -10, 10, 5, -1, 7, 7, 7, 0, -6, 12, -7, -9, -3, 2, -3, -16, 5, 0, 16, 3, 4, -5, -14, 0, -11, 0, 12, -13, 4, -9, 8, 4, -15, 4, 14, 9, 2, 0, -10, 2, -8, 7, -9, -3, 2, -12, 8, 13, 6, -3, 10, 10, 7, -6, 16, 6, 14, -14, -11, 14, 14, -14, 9, 1, -11, -6, 16, -15, 6, -15, -10, -13, -2, -16, -15, 16, -4, -13, -1, 3, 1, 4]","[38, 12, 40, -11]","[1, 1, 1, 1]","[0, 0, 0, 0]",0,0,"[0, 0, 0, 0]","[0, 0, 0, 0]",0,0,2146860927,"[496, 397, -10, 739]","[496, 397, -10, 739]","[127, 127, -10, 127]",0,"[""sat_pos"", ""sat_pos"", ""negative"", ""sat_pos""]"
9,k64_bank1,directed,165,9,64,1,"[-26, -26, 28, -25, 24, 32, 28, 9, -25, 17, -14, -21, -32, 29, 20, -18, -4, -10, -3, -16, 20, -12, 1, -15, 3, 4, 20, 32, -5, -16, -14, -11, -25, 24, 22, 24, 0, 3, -18, -30, -26, 11, -1, -13, -32, -8, -26, 17, 28, -21, -11, 21, -23, 21, 24, -31, -6, 26, 10, 10, -26, -25, 21, -32]","[5, -3, -11, -11, -14, -3, -4, -6, 3, -15, -11, 7, -9, 15, 9, -12, 8, 13, -1, -15, -4, -1, -4, 16, -5, -9, 0, -5, 3, -7, -8, -10, -6, 1, -7, 3, 14, 2, -15, -4, -8, 2, -16, -5, -2, -8, -5, 11, -14, -9, -14, -2, 7, -10, -14, 1, -9, -4, 7, 0, -10, 15, 7, -3, 6, 1, -5, 3, 8, 10, -16, 1, -9, -2, 12, 5, 10, 3, 9, -8, 6, -6, -14, -5, 8, 4, -13, 3, -8, -1, 16, -12, 8, 10, 4, -3, -5, 4, -3, -14, -4, -15, 2, -16, -7, -6, -4, -1, -16, -7, -8, 2, 3, 6, 8, -6, 14, 11, 8, 11, -9, 16, 13, 12, 11, -10, -4, 2, 4, -5, 12, 13, 3, -4, -8, -9, -12, -7, 16, -3, -6, 6, 6, -5, 12, 16, 12, 14, -15, -16, 0, -11, -11, -4, -14, 14, 6, 6, 12, 13, -12, 12, -6, -3, -7, -8, 2, 5, -6, 4, 14, 2, -6, -2, 10, 0, -4, -6, 6, -8, -8, 2, 1, -3, -8, 1, 1, -16, 6, 0, 1, 16, -16, 13, 11, 10, -15, 14, -3, -6, 10, -6, -6, 7, -9, 16, -10, -4, -2, 6, 6, -2, 16, -8, -14, -16, -14, -4, 3, -8, -2, 6, -4, 1, 14, -4, 16, -14, -9, -12, 1, 10, -3, -8, 15, 11, -16, 11, 13, 2, -12, -13, 6, 15, -11, -15, -10, 4, -6, 16, -5, -16, 4, 16, -14, 5]","[49, 8, 35, -2]","[1, 1, 1, 1]","[0, 0, 0, 0]",0,0,"[0, 0, 0, 0]","[0, 0, 0, 0]",0,0,2155904895,"[602, 791, -740, -1186]","[602, 791, -740, -1186]","[127, 127, -128, -128]",0,"[""sat_pos"", ""sat_pos"", ""sat_neg"", ""sat_neg""]"
10,result_zero,directed,0,10,8,0,"[0, 0, 0, 0, 0, 0, 0, 0]","[0, 0, 0, 0, 0, 0, 0, 0, 0, 0, 0, 0, 0, 0, 0, 0, 0, 0, 0, 0, 0, 0, 0, 0, 0, 0, 0, 0, 0, 0, 0, 0]","[0, 0, 0, 0]","[1, 1, 1, 1]","[0, 0, 0, 0]",0,0,"[0, 0, 0, 0]","[0, 0, 0, 0]",0,0,0,"[0, 0, 0, 0]","[0, 0, 0, 0]","[0, 0, 0, 0]",1,"[""zero"", ""zero"", ""zero"", ""zero""]"
11,result_positive,directed,0,11,8,1,"[3, 3, 3, 3, 3, 3, 3, 3]","[1, 1, 1, 1, 1, 1, 1, 1, 1, 1, 1, 1, 1, 1, 1, 1, 1, 1, 1, 1, 1, 1, 1, 1, 1, 1, 1, 1, 1, 1, 1, 1]","[1, 1, 1, 1]","[1, 1, 1, 1]","[0, 0, 0, 0]",0,0,"[0, 0, 0, 0]","[0, 0, 0, 0]",0,0,421075225,"[25, 25, 25, 25]","[25, 25, 25, 25]","[25, 25, 25, 25]",1,"[""positive"", ""positive"", ""positive"", ""positive""]"
12,result_negative,directed,0,12,8,0,"[-3, -3, -3, -3, -3, -3, -3, -3]","[1, 1, 1, 1, 1, 1, 1, 1, 1, 1, 1, 1, 1, 1, 1, 1, 1, 1, 1, 1, 1, 1, 1, 1, 1, 1, 1, 1, 1, 1, 1, 1]","[-1, -1, -1, -1]","[1, 1, 1, 1]","[0, 0, 0, 0]",0,0,"[0, 0, 0, 0]","[0, 0, 0, 0]",0,0,3890735079,"[-25, -25, -25, -25]","[-25, -25, -25, -25]","[-25, -25, -25, -25]",1,"[""negative"", ""negative"", ""negative"", ""negative""]"
13,result_sat_pos,directed,0,13,8,1,"[127, 127, 127, 127, 127, 127, 127, 127]","[127, 127, 127, 127, 127, 127, 127, 127, 127, 127, 127, 127, 127, 127, 127, 127, 127, 127, 127, 127, 127, 127, 127, 127, 127, 127, 127, 127, 127, 127, 127, 127]","[0, 0, 0, 0]","[1, 1, 1, 1]","[0, 0, 0, 0]",15,0,"[0, 0, 0, 0]","[0, 0, 0, 0]",0,0,2139062143,"[129032, 129032, 129032, 129032]","[129032, 129032, 129032, 129032]","[127, 127, 127, 127]",1,"[""sat_pos"", ""sat_pos"", ""sat_pos"", ""sat_pos""]"
14,result_sat_neg,directed,0,14,8,0,"[-128, -128, -128, -128, -128, -128, -128, -128]","[127, 127, 127, 127, 127, 127, 127, 127, 127, 127, 127, 127, 127, 127, 127, 127, 127, 127, 127, 127, 127, 127, 127, 127, 127, 127, 127, 127, 127, 127, 127, 127]","[0, 0, 0, 0]","[1, 1, 1, 1]","[0, 0, 0, 0]",0,0,"[0, 0, 0, 0]","[0, 0, 0, 0]",0,0,2155905152,"[-130048, -130048, -130048, -130048]","[-130048, -130048, -130048, -130048]","[-128, -128, -128, -128]",1,"[""sat_neg"", ""sat_neg"", ""sat_neg"", ""sat_neg""]"
15,result_relu_zero,directed,0,15,8,1,"[-12, -12, -12, -12, -12, -12, -12, -12]","[2, 2, 2, 2, 2, 2, 2, 2, 2, 2, 2, 2, 2, 2, 2, 2, 2, 2, 2, 2, 2, 2, 2, 2, 2, 2, 2, 2, 2, 2, 2, 2]","[0, 0, 0, 0]","[1, 1, 1, 1]","[0, 0, 0, 0]",15,0,"[0, 0, 0, 0]","[0, 0, 0, 0]",0,0,0,"[-192, -192, -192, -192]","[-192, -192, -192, -192]","[0, 0, 0, 0]",1,"[""relu_zero"", ""relu_zero"", ""relu_zero"", ""relu_zero""]"
16,zero_points_0,directed,0,16,16,0,"[-7, -7, -7, -7, -7, -7, -7, -7, -7, -7, -7, -7, -7, -7, -7, -7]","[0, 0, 0, 0, 0, 0, 0, 0, 0, 0, 0, 0, 0, 0, 0, 0, 0, 0, 0, 0, 0, 0, 0, 0, 0, 0, 0, 0, 0, 0, 0, 0, 0, 0, 0, 0, 0, 0, 0, 0, 0, 0, 0, 0, 0, 0, 0, 0, 0, 0, 0, 0, 0, 0, 0, 0, 0, 0, 0, 0, 0, 0, 0, 0]","[0, 0, 0, 0]","[1, 1, 1, 1]","[0, 0, 0, 0]",0,-7,"[0, 0, 0, 0]","[0, 0, 0, 0]",0,0,0,"[0, 0, 0, 0]","[0, 0, 0, 0]","[0, 0, 0, 0]",1,"[""zero"", ""zero"", ""zero"", ""zero""]"
17,zero_points_1,directed,0,17,16,1,"[-6, -12, -23, 22, -8, 0, 30, -32, 25, -10, -10, -22, 6, 21, -8, 20]","[12, -3, 4, 0, -7, -8, -2, 11, -8, -7, -4, 8, -15, 5, 11, -13, -7, -11, 11, -16, -11, 9, -12, -1, -2, -9, -3, 6, 4, -6, -6, -14, -4, 4, 14, 12, 5, 11, 4, 16, 11, 8, -12, 12, -10, -6, 1, -6, -15, 9, 8, 8, -4, -11, 1, -1, 7, 0, -13, -9, 8, -8, 12, 1]","[-35, -17, -32, -30]","[1, 1, 1, 1]","[0, 0, 0, 0]",15,5,"[-3, -3, -3, -3]","[2, 2, 2, 2]",0,0,2030043136,"[-1299, -1005, -1370, 119]","[-1299, -1005, -1370, 119]","[0, 0, 0, 121]",1,"[""relu_zero"", ""relu_zero"", ""relu_zero"", ""positive""]"
18,zero_points_2,directed,0,18,16,0,"[12, -29, 2, -23, -21, -5, -6, -9, 12, -11, -13, -29, -27, 32, 31, 12]","[14, -7, 0, 12, 16, -10, -13, 14, 4, -14, -7, -11, 14, 3, -10, -16, -9, 8, 2, 8, 0, 2, 11, -13, -16, 4, 14, 15, -8, -9, 13, -2, 9, -11, 10, -14, -4, 14, -16, 5, -5, -15, -13, 13, 8, -2, -10, 15, 9, 15, 9, 2, 12, 4, 6, -16, -14, 15, 8, -14, -16, 14, 9, -6]","[-49, -19, -31, 50]","[1, 1, 1, 1]","[0, 0, 0, 0]",0,17,"[9, 9, 9, 9]","[-11, -11, -11, -11]",0,0,2139062143,"[2823, 1712, 3658, 3054]","[2823, 1712, 3658, 3054]","[127, 127, 127, 127]",1,"[""sat_pos"", ""sat_pos"", ""sat_pos"", ""sat_pos""]"
19,zero_points_3,directed,0,19,16,1,"[-6, -12, -23, 22, -8, 0, 30, -32, 25, -10, -10, -22, 6, 21, -8, 20]","[12, -3, 4, 0, -7, -8, -2, 11, -8, -7, -4, 8, -15, 5, 11, -13, -7, -11, 11, -16, -11, 9, -12, -1, -2, -9, -3, 6, 4, -6, -6, -14, -4, 4, 14, 12, 5, 11, 4, 16, 11, 8, -12, 12, -10, -6, 1, -6, -15, 9, 8, 8, -4, -11, 1, -1, 7, 0, -13, -9, 8, -8, 12, 1]","[-35, -17, -32, -30]","[1, 1, 1, 1]","[0, 0, 0, 0]",15,-13,"[7, 7, 7, 7]","[19, 19, 19, 19]",0,0,0,"[-2733, -3375, -1436, -1153]","[-2733, -3375, -1436, -1153]","[0, 0, 0, 0]",1,"[""relu_zero"", ""relu_zero"", ""relu_zero"", ""relu_zero""]"
20,rounding_0,directed,300,20,8,0,"[-3, -25, -24, 17, 27, -3, 12, 21]","[-11, 16, 0, 4, -8, 7, 8, -7, 11, 11, 0, -16, 2, 4, 14, -11, -13, 7, 16, 4, -14, 1, -14, -2, 11, -11, -8, 12, 7, 8, 5, -9]","[23, 40, -39, -63]","[3, 3, 3, 3]","[1, 1, 1, 1]",0,0,"[0, 0, 0, 0]","[0, 0, 0, 0]",0,0,2139127936,"[-564, -561, -1082, 611]","[-1692, -1683, -3246, 1833]","[-128, -128, -128, 127]",1,"[""sat_neg"", ""sat_neg"", ""sat_neg"", ""sat_pos""]"
21,rounding_1,directed,301,21,8,1,"[-26, 28, -28, -24, -15, -10, 27, -6]","[8, 9, -5, 0, 13, 1, -8, 15, -5, -9, -9, -2, -6, -15, -7, 7, 8, -1, -1, 6, -5, 5, 8, -2, -6, -12, -6, 16, -3, 9, 16, -5]","[27, 1, 41, -61]","[5, 5, 5, 5]","[2, 2, 2, 2]",0,0,"[0, 0, 0, 0]","[0, 0, 0, 0]",0,0,3468132224,"[-300, 188, -58, -40]","[-1500, 940, -290, -200]","[-128, 127, -73, -50]",1,"[""sat_neg"", ""sat_pos"", ""negative"", ""negative""]"
22,rounding_2,directed,302,22,8,0,"[14, 24, -32, -5, -8, 9, -21, -31]","[3, -14, 13, 10, -3, 12, -9, -5, -9, 15, -15, 13, -6, -16, 16, 1, -3, -6, -11, 3, 6, 10, -12, -8, -15, 3, -14, -7, -2, -7, -14, -16]","[44, 11, 63, 46]","[-3, -3, -3, -3]","[2, 2, 2, 2]",0,0,"[0, 0, 0, 0]","[0, 0, 0, 0]",0,0,2155905151,"[-240, 197, 756, 1134]","[720, -591, -2268, -3402]","[127, -128, -128, -128]",1,"[""sat_pos"", ""sat_neg"", ""sat_neg"", ""sat_neg""]"
23,rounding_3,directed,303,23,8,1,"[9, -29, -13, 0, -14, -7, -19, 8]","[12, 15, 0, 1, -13, 6, -14, -6, 8, 7, 11, -14, -1, -1, 2, -1, 5, -3, -15, 10, 4, -8, 7, -4, 2, -6, -14, 15, -15, -14, -7, -3]","[-26, 5, 7, -14]","[-5, -5, -5, -5]","[3, 3, 3, 3]",0,0,"[0, 0, 0, 0]","[0, 0, 0, 0]",0,0,2157346813,"[5, -294, 169, 777]","[-25, 1470, -845, -3885]","[-3, 127, -106, -128]",1,"[""negative"", ""sat_pos"", ""negative"", ""sat_neg""]"
24,pressure_0,directed,400,24,32,0,"[-16, -26, -20, 28, -12, -20, 25, 15, -14, 8, -7, -5, -5, -14, -20, -24, -13, 15, 15, 5, -14, -32, 19, 14, 1, -24, 13, 27, 8, 18, -2, 7]","[-12, 11, 7, -16, 7, -11, -6, -5, 2, 4, -11, -1, -16, 3, -7, -10, 11, -13, -12, -3, -8, -11, -1, -10, -2, 3, -8, 6, 4, -7, 13, 11, 10, -1, -4, -1, 12, 7, -12, -7, -4, -12, -6, 7, 11, -1, -4, 6, -4, -3, 0, 11, 2, 6, -7, 4, 13, 14, 12, -6, 2, 5, -8, 14, -6, -14, -10, -14, 11, 0, 5, -12, 1, -6, -11, 9, -10, -7, 0, -8, -6, -8, 9, -9, -2, -6, -16, -4, -2, -6, 4, 3, 1, 9, -1, -8, -2, 13, 7, 4, -11, 5, -4, 15, 15, 13, -14, -16, 12, 7, 14, -2, -14, 14, 13, 10, -1, -11, 8, 3, -15, -14, -11, 13, -12, 10, -6, 0]","[-31, -61, 31, -31]","[1, 1, 1, 1]","[0, 0, 0, 0]",0,0,"[0, 0, 0, 0]","[0, 0, 0, 0]",1,0,2139062400,"[-585, -1314, 721, 1296]","[-585, -1314, 721, 1296]","[-128, -128, 127, 127]",1,"[""sat_neg"", ""sat_neg"", ""sat_pos"", ""sat_pos""]"
25,pressure_1,directed,401,25,32,1,"[-23, -31, -21, -5, -23, 14, -13, 18, -5, 9, -8, -13, 28, -7, 25, -14, 15, 14, 1, 7, -23, -32, -15, 22, -14, -22, -4, -4, 13, 2, 23, 0]","[-15, 9, 12, 13, 5, -2, 2, 10, 4, 0, 2, 9, 9, -2, -5, -5, -3, 16, -14, 9, 6, 0, 12, -10, 11, -6, -15, -14, -1, 5, 5, 0, 10, -13, 14, -4, -7, 7, 13, 7, -7, 13, 16, -3, 10, 12, -1, -2, 13, 4, -11, -14, -16, -11, -3, 13, 5, -5, -9, -8, 7, 12, -4, -13, 16, 16, 13, -13, 7, 16, 15, 7, -1, 13, -4, 12, 6, -14, 13, 1, 8, -12, -14, 10, -7, -8, 1, -11, -8, -13, -2, -11, 2, 8, -4, 8, -16, 15, -13, 13, -8, -2, 11, 4, -7, -12, -11, 13, 8, -3, -1, 6, -7, 16, -15, -10, -6, -2, 4, -10, 6, 15, 5, -5, -8, -8, -8, 7]","[-20, 28, 3, -32]","[1, 1, 1, 1]","[0, 0, 0, 0]",0,0,"[0, 0, 0, 0]","[0, 0, 0, 0]",0,2,2151972736,"[-306, 1729, 68, -616]","[-306, 1729, 68, -616]","[-128, 127, 68, -128]",1,"[""sat_neg"", ""sat_pos"", ""positive"", ""sat_neg""]"
26,pressure_2,directed,402,26,32,0,"[-5, -26, -24, -2, -8, -23, -26, 11, -27, -7, 24, 18, -14, -29, -21, -32, 11, 32, -10, -29, -32, -31, -2, -29, 30, 15, -27, -26, 26, 13, -23, 1]","[-10, -12, 10, 12, 14, -2, 6, -1, 13, -4, 3, 8, -13, -2, -16, 1, -1, -8, 11, 1, 13, 16, -6, 10, -13, -5, 11, 8, 8, -3, -2, -10, 11, -1, 7, -1, -2, -12, 1, 1, -10, -4, -5, 10, -10, 1, -15, 16, -11, 4, 14, 1, -14, -9, -15, 1, -6, 3, 7, -7, -10, 8, 9, -12, 9, -16, 8, -15, 9, -8, -9, 13, -12, 3, -14, -2, 13, 5, -10, 11, -4, -5, -14, -5, -6, 2, -4, 15, 16, 1, 16, 7, 3, 8, 7, -8, 14, -12, -16, 3, -3, 8, 13, -14, 7, 1, -3, 5, -10, 8, -15, 11, -14, -16, 6, 3, -5, -5, 2, -4, -13, -4, 1, 16, 3, -12, 11, 6]","[-52, -21, 45, -43]","[1, 1, 1, 1]","[0, 0, 0, 0]",0,0,"[0, 0, 0, 0]","[0, 0, 0, 0]",2,6,2156625792,"[-2111, 382, -117, -1986]","[-2111, 382, -117, -1986]","[-128, 127, -117, -128]",1,"[""sat_neg"", ""sat_pos"", ""negative"", ""sat_neg""]"
27,signed_extrema,directed,0,27,4,0,"[-128, 127, -1, 1]","[-128, 127, 1, -1, 127, -128, -1, 1, 1, 1, 1, 1, -1, -1, -1, -1]","[-63, -26, -26, -36]","[1, 1, 1, 1]","[0, 0, 0, 0]",0,0,"[0, 0, 0, 0]","[0, 0, 0, 0]",0,0,3722805375,"[32448, -32536, -27, -35]","[32448, -32536, -27, -35]","[127, -128, -27, -35]",0,"[""sat_pos"", ""sat_neg"", ""negative"", ""negative""]"
28,bias_boundaries,directed,0,28,4,1,"[0, 0, 0, 0]","[0, 0, 0, 0, 0, 0, 0, 0, 0, 0, 0, 0, 0, 0, 0, 0]","[-129, -128, 127, 128]","[1, 1, 1, 1]","[0, 0, 0, 0]",0,0,"[0, 0, 0, 0]","[0, 0, 0, 0]",0,0,2139062400,"[-129, -128, 127, 128]","[-129, -128, 127, 128]","[-128, -128, 127, 127]",1,"[""sat_neg"", ""negative"", ""positive"", ""sat_pos""]"
29,per_channel_quantization,directed,501,29,16,0,"[-8, -17, 20, 8, 31, -4, 4, -23, -20, -5, 0, 22, -25, -21, -10, 9]","[10, 4, 9, -9, -16, 10, -11, -6, 5, -2, 14, 12, 0, -8, 2, 6, -16, -2, 4, 3, -14, -7, 1, -11, 0, -14, 2, -3, -5, 9, 9, -16, 14, -10, -7, 5, 7, -15, 11, 15, -16, -4, 9, -15, -1, 7, 0, -7, -16, -10, -5, 2, -12, -8, -5, -16, 1, 7, -13, -13, -7, -3, -13, -11]","[50, 35, -59, -19]","[1, 3, -5, 7]","[0, 1, 2, 3]",10,-4,"[-3, 0, 5, 11]","[-9, 0, 7, 13]",0,0,8323162,"[99, -382, -453, -632]","[99, -1146, 2265, -4424]","[90, 0, 127, 0]",1,"[""positive"", ""relu_zero"", ""sat_pos"", ""relu_zero""]"
30,random_seed_001,random,1,30,4,0,"[-85, -85, -83, 123]","[-40, 87, -78, -21, -109, -29, 12, 8, -70, 12, -2, 108, 40, 5, -106, -104]","[758, -468, -515, 997]","[7, 6, -7, -2]","[5, 1, 1, 1]",1,-7,"[-5, 15, 5, -4]","[15, -3, -8, -7]",1,5,2139127552,"[-220, 11954, 18711, -8385]","[-1540, 71724, -130977, 16770]","[0, 127, -128, 127]",0,"[""relu_zero"", ""sat_pos"", ""sat_neg"", ""sat_pos""]"
31,random_seed_002,random,2,31,8,0,"[-76, 7, 88, 108, 43, 16, -36, -94]","[-49, -76, -26, 17, 76, 123, 111, -87, 53, 114, -108, -48, -50, -47, -28, 11, 67, -58, 40, -31, 78, 35, 49, 80, 124, 44, 60, -87, 16, 52, 117, -50]","[-200, 781, 464, 244]","[-1, 2, -6, -6]","[4, 3, 2, 0]",2,-11,"[-8, -2, -7, -10]","[13, -8, 3, 10]",2,2,2139029632,"[14089, -20910, -6364, -6504]","[-14089, -41820, 38184, 39024]","[-128, 0, 127, 127]",0,"[""sat_neg"", ""relu_zero"", ""sat_pos"", ""sat_pos""]"
32,random_seed_003,random,3,32,16,1,"[-112, 46, -44, -70, 78, 98, -53, -62, -60, -117, -82, 66, -93, -114, 21, -113]","[-85, -91, 103, 123, -47, 40, -98, -112, -63, -14, -125, -113, 73, 51, -48, 22, -31, -119, -106, -114, 19, -124, 87, 109, -92, -92, 117, -19, 113, -126, -12, 66, 112, 73, -30, 34, 64, -39, 50, 34, 7, 114, -51, -81, -93, -22, -33, -28, 41, 82, 47, -41, 83, 114, -11, -122, 108, 42, 79, -124, -98, -24, 79, 34]","[611, -105, 320, -431]","[3, 7, -5, 4]","[5, 0, 1, 4]",3,13,"[15, -6, -2, 2]","[8, -10, -10, 6]",3,7,2139029631,"[14585, -10623, -17889, 6836]","[43755, -74361, 89445, 27344]","[127, 0, 127, 127]",1,"[""sat_pos"", ""relu_zero"", ""sat_pos"", ""sat_pos""]"
33,random_seed_004,random,4,33,32,1,"[-52, 61, 120, 93, -63, -54, -99, 115, -114, 47, 67, -26, 75, 117, -123, -85, -69, -70, -89, 116, 124, -21, -101, 27, -107, -3, -8, -14, -61, -95, 106, -74]","[24, -79, 96, 127, -86, 80, -73, 70, -121, 27, -76, -3, -27, -128, 10, -71, -74, 120, 48, 85, -7, 30, -63, 35, -69, 44, 113, 108, -24, -31, 28, 10, 75, -36, -71, -8, 51, 115, 79, -126, -19, 110, 17, -117, -80, 77, 66, 2, 70, 60, 20, 110, -105, -12, -37, 94, 53, 21, 93, 30, 54, 94, 32, -68, -41, -12, 82, -65, 63, -89, -75, -66, 85, -19, 92, -72, -33, -99, 61, -41, -126, 40, 76, -48, -92, 36, 32, 66, -96, -88, -41, -117, -18, 16, -114, -61, 19, 117, -56, 67, 45, -119, 56, -100, -67, 14, -72, -63, 98, 92, 105, -9, -84, -47, 115, -96, -123, -9, 101, -114, 94, 116, 7, -99, -48, 113, 25, 26]","[-895, -231, -1008, 66]","[5, -3, -5, 5]","[0, 0, 0, 2]",4,5,"[-4, 1, -14, -7]","[-15, 11, 9, -4]",0,4,2155839359,"[47878, -59128, -33366, -56897]","[239390, 177384, 166830, -284485]","[127, 127, 127, -128]",0,"[""sat_pos"", ""sat_pos"", ""sat_pos"", ""sat_neg""]"
34,random_seed_005,random,5,34,64,1,"[-116, -76, -34, -80, -78, -11, -114, 10, -68, 5, -95, 95, -58, -115, -17, 95, -103, 27, 91, 4, -78, -88, -84, 66, -77, 35, -82, -66, -95, -17, -1, -94, -58, 28, 120, -42, -37, -47, 53, -35, 0, -56, 125, 78, 116, -4, -40, 124, -82, -25, -125, -124, 69, -65, 56, 57, 100, -126, 15, -14, -36, -8, 113, -84]","[-76, 79, 121, -80, -109, 98, -110, 56, 3, -14, -82, 18, 81, -30, 66, 105, 82, 100, -104, -88, 80, -90, 59, 115, -124, -43, 85, -109, 90, -16, -66, 56, 121, -28, 25, -93, -29, 117, -82, -106, 19, -25, -64, 21, 14, -122, -113, -102, -3, -48, -98, -48, -6, -49, -13, 18, 61, -38, -40, 30, 2, -62, -119, -14, 122, 31, -88, 47, -38, 113, 100, -112, 35, 31, -51, -40, -72, 21, 67, -30, 28, -103, -17, 52, -23, -105, 57, -2, -17, -110, 85, 114, 9, -64, 80, 26, 84, 94, -46, -88, -92, 29, 105, 109, -95, -11, -39, -47, -75, -12, -53, 7, 77, 36, -2, -2, -104, -46, -28, 4, 6, 12, 17, 73, -37, -30, -38, -124, -18, 78, 90, -2, -11, -92, 12, -81, 52, -9, 106, -9, 18, 103, 117, -15, -84, -116, 39, -114, 60, 114, -41, -24, -30, -88, 121, 73, 108, 92, -49, 32, -26, -39, -112, 87, -119, -74, -29, 104, -10, 52, -63, 73, -1, 60, 55, 34, 102, -98, 115, 75, -86, 110, -117, -31, 71, -59, -100, -67, 27, 60, 89, 35, -39, 113, -39, 99, 87, -56, 42, 126, 82, -32, -65, -34, 3, 46, -43, 98, -12, -95, 92, -7, -52, -88, 102, -28, 58, -75, -103, 51, 62, 26, -53, -29, -71, -121, 37, -70, 71, 62, 52, 65, -28, -112, 20, -2, 22, 27, -119, 3, 93, 3, -94, 99, 111, -49, -66, 80, -8, -100, -45, 122, 9, 83, -79, 85]","[869, -187, 768, -935]","[-7, -7, 6, -3]","[4, 1, 2, 5]",5,15,"[-6, -4, -11, -9]","[-13, 4, 10, 7]",1,1,2130738944,"[28684, -77957, -152096, -25537]","[-200788, 545699, -912576, 76611]","[0, 127, 0, 127]",0,"[""relu_zero"", ""sat_pos"", ""relu_zero"", ""sat_pos""]"
35,random_seed_006,random,6,35,4,0,"[-34, -101, 109, 51]","[-13, 106, -106, 0, -113, 95, -83, 29, -110, -115, 58, -98, -48, -100, 96, -64]","[472, -555, 1007, 744]","[-3, 1, 7, -7]","[2, 1, 1, 1]",6,-7,"[13, 12, -3, -7]","[-8, 16, 6, 11]",2,6,2155806847,"[-22126, -15016, 15990, 19235]","[66378, -15016, 111930, -134645]","[127, 0, 127, -128]",1,"[""sat_pos"", ""relu_zero"", ""sat_pos"", ""sat_neg""]"
36,random_seed_007,random,7,36,8,0,"[90, 64, -123, -85, -126, -11, -50, 51]","[-86, -102, -128, -105, -113, -42, 31, 21, -32, -40, -83, 75, -65, 0, 109, 82, 38, -114, -25, 111, -29, 15, 125, -45, 29, 25, 87, -9, -110, -12, -63, 27]","[-357, -767, 688, -901]","[-1, 4, -4, 7]","[0, 2, 2, 4]",7,2,"[2, 0, 14, -10]","[-16, -13, 10, 12]",3,3,2139062016,"[25725, 4457, -11872, 9884]","[-25725, 17828, 47488, 69188]","[0, 127, 127, 127]",0,"[""relu_zero"", ""sat_pos"", ""sat_pos"", ""sat_pos""]"
37,random_seed_008,random,8,37,16,0,"[-124, -114, -118, 89, 69, -6, -77, -115, -107, 110, 4, -101, -127, 1, 36, -69]","[-61, 113, 30, 105, 60, 49, -24, -24, 99, -16, -91, 54, 25, 114, -119, -80, -78, -32, -85, 15, -87, 19, -69, -3, -108, 108, 1, -74, 124, 36, 107, 99, 25, 63, 43, 9, 43, -102, -27, 111, 39, -64, 79, -28, 43, 100, -43, -74, -10, 113, 38, -12, 122, -36, -79, -107, 24, 30, -90, 122, 71, -35, -99, 99]","[775, -74, 855, -523]","[-6, -1, 7, 3]","[2, 5, 1, 3]",8,-3,"[11, 4, 0, 0]","[8, 4, 6, -15]",0,0,8421503,"[-2967, 38698, -30028, -21639]","[17802, -38698, -210196, -64917]","[127, -128, -128, 0]",0,"[""sat_pos"", ""sat_neg"", ""sat_neg"", ""relu_zero""]"
38,random_seed_009,random,9,38,32,1,"[100, -19, -105, 91, -7, 104, 41, -41, 74, 59, -98, 115, 44, 25, 82, -66, 19, -64, -38, 25, 125, 77, -85, -66, 78, -66, -102, 114, -67, 119, 15, 27]","[98, 25, 29, -79, -7, 40, 19, -92, -96, 78, -58, -74, 46, -56, 114, -105, 55, -87, -5, -90, 28, 25, 100, -24, 42, -57, 48, 81, 56, 44, 2, 112, -106, 13, -48, 88, 12, -64, 66, -85, -85, -52, -32, -47, 56, 13, -6, 11, -56, -40, -101, 44, -123, 120, -63, 3, -38, -44, 126, 84, 79, 57, 7, -14, 97, 17, 13, 109, 97, 19, -100, -124, -127, 37, -18, -32, -81, 50, 42, 123, -30, 60, 4, -103, -122, -125, 14, -115, -110, 8, 78, 97, 89, 50, -51, 14, 124, 41, -87, 111, -62, -21, 97, 33, 60, -61, 27, 17, -57, -98, 36, -108, 33, 91, -125, 97, 73, 13, 44, -113, 9, -34, 49, -19, -67, 51, -112, -47]","[717, 264, 566, 952]","[-7, 1, -4, -1]","[1, 0, 3, 2]",9,3,"[-15, -7, -1, 0]","[7, 15, -8, 8]",1,5,8355840,"[44692, -1230, -26585, 57183]","[-312844, -1230, 106340, -57183]","[0, -128, 127, 0]",1,"[""relu_zero"", ""sat_neg"", ""sat_pos"", ""relu_zero""]"
39,random_seed_010,random,10,39,64,1,"[-24, 117, 120, -41, 93, -72, -120, 118, -70, 112, 93, -13, -7, 40, 55, -32, -5, -69, 105, 108, 106, -67, -42, -125, -26, 59, -102, 79, -13, -122, -5, -67, 123, -53, 46, -80, 33, 21, 8, 78, -9, 7, -81, 102, -67, 88, 94, 69, -90, 24, 36, 77, -9, -79, 92, 66, -78, 55, -100, -28, -74, -125, -50, 116]","[37, -49, 63, -69, -25, -78, 91, 127, -33, -11, 64, 10, -64, -53, 27, 51, 58, 70, -71, -108, 115, -48, 96, 93, 86, 32, 84, -70, 104, 103, 69, 21, 62, -23, -128, -86, 38, -63, -125, -39, 9, -111, 52, -57, -43, -5, -112, -43, -60, -29, -110, -96, -36, 23, -105, -104, 7, -70, -123, -52, 84, 83, -82, -125, 72, 123, -12, -95, -115, -93, 107, -128, 71, 88, 63, 7, -59, -103, 57, 9, 6, 74, -114, 110, -123, -105, 98, -105, -78, 126, -118, -74, -116, -85, 113, -75, -33, -20, 38, -100, -85, 22, -54, -94, 116, 90, 119, -80, 16, 48, -84, 79, 59, -87, 29, 24, -16, 86, 57, 85, 49, -107, -85, -114, -60, 103, 61, 82, -119, 8, 84, -87, -74, -76, -122, 5, 23, 21, -100, -82, 103, -90, -62, -15, 58, -2, 43, 22, -60, -75, -31, -48, -91, -21, -28, 21, -117, -125, -123, 68, 28, -97, -94, -26, 33, 34, 101, -11, 100, -50, 94, 19, -111, -68, -65, -57, -85, 33, 7, -26, 69, 23, -114, -112, -5, -60, -66, 116, -38, -103, -15, -5, -72, -84, 125, 93, 70, -25, -34, -83, -87, -86, 120, 59, 121, -23, 27, 54, 31, -110, 103, -111, -120, -52, 41, 25, 126, -65, -35, -86, 117, -8, 58, -36, 115, -64, 11, -80, -99, -44, 30, 14, -60, -28, -10, -68, -128, 95, -116, -112, 96, 119, 71, -16, -56, -41, 96, 44, -31, -85, 30, 23, -75, -73, 113, 11]","[223, 533, 613, 286]","[-7, -1, -6, 1]","[1, 5, 5, 1]",10,-12,"[14, -5, 8, 11]","[12, -2, 4, 12]",2,2,2139095167,"[-121931, 3973, 14538, 7783]","[853517, -3973, -87228, 7783]","[127, 0, -128, 127]",0,"[""sat_pos"", ""relu_zero"", ""sat_neg"", ""sat_pos""]"
40,random_seed_011,random,11,40,4,1,"[-35, -113, -59, 20]","[-72, 37, 127, 41, 21, -54, -97, -14, -55, -112, -77, 12, 3, 33, 96, 112]","[302, -387, -591, 495]","[-2, 2, -5, -6]","[4, 2, 1, 4]",11,10,"[-1, 12, -5, -8]","[-16, 10, 2, 8]",3,7,2139127679,"[-9589, 14587, 19958, -11019]","[19178, 29174, -99790, 66114]","[127, 127, -128, 127]",0,"[""sat_pos"", ""sat_pos"", ""sat_neg"", ""sat_pos""]"
41,random_seed_012,random,12,41,8,0,"[48, -77, -86, 121, -61, 52, 102, 13]","[104, -79, -124, 27, 54, -16, 87, -24, -11, -64, -91, -61, -26, 123, -78, 95, 92, 118, 17, -121, 81, -51, -96, -99, -67, -68, -23, -48, 15, -3, -101, 102]","[241, -286, 397, -485]","[-2, 1, 4, -4]","[1, 3, 2, 3]",12,7,"[-11, -6, -1, -5]","[14, 5, 14, -3]",0,4,2130739072,"[30096, 6947, -38579, -10711]","[-60192, 6947, -154316, 42844]","[-128, 127, 0, 127]",1,"[""sat_neg"", ""sat_pos"", ""relu_zero"", ""sat_pos""]"
42,random_seed_013,random,13,42,16,0,"[6, -14, 30, 65, 82, -11, 26, 26, -3, 23, 93, 68, 81, -31, -34, 82]","[96, 107, -127, 90, -113, -112, 75, 57, -77, -124, 8, 16, 64, -119, -14, 87, 100, -58, -120, 66, 110, 3, 95, -75, -98, -97, 27, -42, 19, -114, 30, -80, 98, 48, 70, -115, -115, -48, 28, 116, -26, -29, -74, 13, -127, 81, 109, -67, 59, -61, -125, -40, -89, 19, 123, -128, 50, -62, 70, -85, 111, -106, 18, 56]","[-229, -717, -701, -13]","[7, 1, 3, 1]","[2, 4, 2, 5]",13,4,"[7, 10, -15, -7]","[-2, 12, 1, -3]",1,1,2130739071,"[9350, 2789, -33376, 6354]","[65450, 2789, -100128, 6354]","[127, 127, 0, 127]",0,"[""sat_pos"", ""sat_pos"", ""relu_zero"", ""sat_pos""]"
43,random_seed_014,random,14,43,32,0,"[51, -16, 111, -98, 96, -76, 21, -73, -88, 49, -76, 67, -126, 97, 80, -123, 47, 6, -15, -67, 115, 5, -98, -31, -117, 100, -106, -91, -56, 117, -49, -110]","[43, 2, -119, 106, 55, 112, 99, 110, 23, -69, 36, -113, 42, -85, 103, -40, -104, 10, 75, 110, 69, -51, -9, 117, -1, -53, 67, 12, 72, -41, 109, 105, -117, -50, 15, 105, -82, 21, 120, 5, 71, -16, 83, -121, 119, -109, -22, 19, -87, 72, -104, 30, 24, -47, -70, 93, 127, 53, -19, 65, -104, -20, 95, -49, 48, 20, -118, 92, 60, 65, -12, -85, 91, 61, 123, 121, 16, 101, -90, 39, 75, 22, -10, -93, -13, 33, 61, -121, 114, 26, -35, 25, -77, 9, 96, 81, -109, 31, -94, -52, -26, -22, 46, -10, -110, -68, -94, 51, -94, -34, 74, 17, -77, -9, 119, 12, -48, -109, -81, -121, -18, -52, 111, 84, 62, 5, -63, 112]","[382, 496, -774, 587]","[6, -7, 4, 1]","[2, 3, 4, 1]",14,5,"[7, 1, -10, -11]","[-9, 9, 2, -14]",2,6,32640,"[-93473, -78452, -45299, -19831]","[-560838, 549164, -181196, -19831]","[-128, 127, 0, 0]",0,"[""sat_neg"", ""sat_pos"", ""relu_zero"", ""relu_zero""]"
44,random_seed_015,random,15,44,64,1,"[-13, 123, -78, 30, -105, 84, -89, 51, -63, 106, -68, 0, 13, -24, -20, 79, 114, -27, -99, 104, 19, 1, 44, 71, -4, -109, -126, -16, 44, -41, -47, -67, -86, 0, -46, -104, -42, 40, 110, -56, 1, 44, 88, -5, 57, 110, 112, -62, -37, -40, 54, -22, -75, -47, 75, 38, 64, -2, 17, 115, -44, -17, 13, -116]","[74, -94, -114, -114, 124, 42, -37, -34, 24, 70, -9, -78, 5, -62, 83, -42, -125, 107, -23, -66, 46, 40, -86, 65, -6, 123, 117, 110, -53, -27, 16, -5, -43, 46, 70, -52, -24, 35, -27, 1, -66, 45, -9, -73, 20, 103, -85, -45, 96, -48, 110, 5, -81, -7, 21, 21, 38, 5, 3, 31, 88, 74, -43, -118, 86, 95, -32, 124, -81, -9, 55, 35, 77, 48, 58, 72, 20, -42, 35, -55, 102, -119, -100, 26, -106, 115, -125, 104, 26, 36, 93, -75, 113, 84, -121, 24, 59, -127, -30, -17, -42, -46, -118, -77, 1, -24, 69, -126, -32, 93, -53, -44, 43, 53, 60, -25, -45, 105, -100, -60, -116, 124, 8, -50, 96, -27, -111, 34, 62, -36, -52, -125, 42, -60, 87, 90, -36, 111, -6, -36, -71, 17, -128, 68, 83, 117, 39, 55, 6, -61, -119, -33, -103, 50, 80, 7, -125, -69, -27, -70, 119, -69, -110, 24, -37, -106, 59, -46, 69, 104, -69, -110, -22, -44, -5, 61, -118, 101, -115, -108, -44, -118, 9, -12, -114, -17, 44, 0, -78, -110, 85, 11, -27, 97, 27, 28, -47, -44, 52, 119, -70, -63, -57, -54, -70, -28, -92, -63, 21, 36, 44, 82, 96, 57, 10, 35, -35, -125, 109, 16, -53, 21, -1, 121, 10, -118, 123, -56, -16, -10, 48, 115, 61, -78, 106, 37, -118, 80, 109, -88, 33, -75, -94, 26, -83, -27, -119, 75, 6, 78, -9, 121, -115, -35, -17, 32]","[73, -238, -832, 430]","[5, 1, 3, -7]","[3, 3, 0, 1]",15,14,"[15, -11, 15, 2]","[-2, -11, 4, -1]",3,3,8323072,"[-13006, -11457, 10151, 48199]","[-65030, -11457, 30453, -337393]","[0, 0, 127, 0]",1,"[""relu_zero"", ""relu_zero"", ""sat_pos"", ""relu_zero""]"
45,random_seed_016,random,16,45,4,1,"[70, 40, -116, 11]","[-48, -107, 68, 93, 20, -84, 11, -95, -6, -19, -98, 22, 11, -67, -108, -101]","[-384, -163, 452, 870]","[4, 4, 1, -4]","[4, 0, 4, 0]",0,-5,"[-1, -16, 9, -1]","[-16, -12, -4, 10]",0,0,2155839616,"[-14834, -4784, 10152, 9077]","[-59336, -19136, 10152, -36308]","[-128, -128, 127, -128]",0,"[""sat_neg"", ""sat_neg"", ""sat_pos"", ""sat_neg""]"
46,random_seed_017,random,17,46,8,1,"[-23, -97, -109, -13, -22, 60, 121, -81]","[15, -126, -5, -113, -1, -36, 100, 12, -123, 4, 3, 20, 45, -40, -110, 86, -114, 89, 81, 115, -5, 91, -41, -92, -17, -126, 118, -32, 71, -95, 73, 116]","[781, -72, -608, -589]","[-4, -7, -4, 1]","[4, 0, 4, 5]",1,-1,"[9, 13, -16, 15]","[-16, -14, 3, -6]",1,5,2155839232,"[24912, -19971, -11254, -5799]","[-99648, 139797, 45016, -5799]","[0, 127, 127, -128]",0,"[""relu_zero"", ""sat_pos"", ""sat_pos"", ""sat_neg""]"
47,random_seed_018,random,18,47,16,0,"[-48, 0, -49, 26, 24, -126, 6, 58, 25, -101, -25, 33, -76, 85, 12, -11]","[35, -121, -92, -35, -68, 34, 69, 114, -64, 109, -33, 58, -123, 28, -30, 75, -18, -70, -48, 126, 97, -11, -115, 15, 15, -75, 106, 81, -101, 14, -74, -41, 52, 81, -123, 76, 14, 52, -69, 81, -4, -8, 42, -10, 71, -126, -104, -33, 110, -119, 6, -13, -12, -92, -55, 101, -8, 98, 50, -111, 63, -52, 52, -77]","[-100, 710, 590, -951]","[-7, -3, 4, 4]","[2, 0, 2, 1]",2,7,"[8, -6, -15, 9]","[10, -13, 8, 14]",2,2,2155872384,"[6141, 26517, -17627, -9855]","[-42987, -79551, -70508, -39420]","[-128, 0, -128, -128]",1,"[""sat_neg"", ""relu_zero"", ""sat_neg"", ""sat_neg""]"
48,random_seed_019,random,19,48,32,0,"[40, -42, 91, 67, 25, -120, -32, -46, -63, -80, -49, 9, -66, -94, 41, -49, -55, -109, 21, 83, 122, 67, 38, 105, -63, 73, -86, -57, 24, -96, -46, 76]","[-68, 21, 51, -118, 113, -34, -126, -48, -66, 29, 51, 39, -87, 1, -123, 49, 60, 2, 111, 6, 46, -8, -52, 105, 33, 23, 71, -74, -26, 81, 127, -117, -6, 66, -40, -107, 74, -31, -84, -39, 91, -17, 40, 76, 113, 15, -14, 91, -38, 25, -112, 114, 60, 75, 54, 55, 19, 31, -93, 64, 41, -55, 71, -62, -68, 18, 7, -104, -50, 38, -93, 115, -5, 98, 112, -48, 80, 48, 66, -79, -13, -76, -6, 95, 73, -110, -89, 1, 61, -100, 122, -112, -10, -66, 53, -86, -17, 76, -70, -115, 62, -13, 12, 62, -23, 125, -87, -78, 125, -56, -60, -60, 35, 54, -4, -62, -114, -19, -9, -78, -32, -33, -81, -5, 49, 116, 67, -107]","[797, 56, -161, -135]","[4, -6, 5, -1]","[0, 2, 5, 2]",3,14,"[11, 4, 13, -8]","[-9, 12, 5, 11]",3,7,2139095040,"[-116, 3284, -26725, -77766]","[-464, -19704, -133625, 77766]","[0, 0, -128, 127]",0,"[""relu_zero"", ""relu_zero"", ""sat_neg"", ""sat_pos""]"
49,random_seed_020,random,20,49,64,0,"[76, 25, -68, 63, -38, -87, 39, -83, 40, 63, -51, -78, -26, -121, 80, 40, 60, -71, -64, -115, -125, 14, -49, -91, 49, 67, -53, -116, -81, -23, 124, 52, -59, -88, 14, -41, -3, -8, -97, 35, 45, 84, 122, 20, 1, 89, 7, -34, 68, 74, 32, 94, 52, 33, -69, -121, -76, 6, 46, 36, -45, 35, 92, 46]","[-18, 114, -5, -24, 56, 61, 53, -81, -108, 3, -128, 55, 69, -22, -77, -3, -72, -11, -30, 27, 21, -86, -48, 81, -6, 126, 54, -7, 43, -38, -86, -67, -41, -10, 15, 26, -42, 26, 12, -122, -40, 20, 19, -99, -90, -2, 90, -65, 56, -94, -12, 23, 66, 51, -60, 32, 42, -75, -121, 46, 80, -56, -115, 31, 102, -21, 87, -114, -99, 75, 125, 79, 121, -117, -93, 122, -123, -46, -26, 69, 22, 6, 61, -102, -96, 86, 51, 6, -14, -38, 8, -16, -116, 14, -126, 11, -50, -113, -50, -124, -66, 122, -55, -2, 67, 21, -53, 9, 75, -20, 111, -40, 123, 19, 0, 105, -115, -5, -127, -33, -96, 76, 126, -57, -104, 64, 5, 23, -17, 16, 21, 19, 28, -31, 44, -5, -15, -97, 36, 127, 22, 28, 20, 111, 55, 49, 54, -113, 50, -77, 58, 42, 21, 84, -116, -75, -14, -125, 15, 97, 84, -42, -39, -105, 60, -13, -21, 13, 121, -8, 97, 10, 58, -56, 46, -9, 52, 50, -55, -59, 107, 10, -128, -103, 101, -105, 22, -55, -123, -38, 97, 56, -103, -17, -38, -41, 57, 115, 71, -20, -51, -120, 82, -9, 87, -73, 58, -117, 39, -76, -76, -37, -12, -16, -120, -124, -64, -8, 109, -80, -21, -73, 102, 101, 88, -91, 20, -43, -76, 77, -18, -36, 96, -44, 124, 78, 81, 62, 71, -50, -55, -23, 53, -37, 47, -117, -75, 118, 5, -76, 114, -81, 33, -76, 46, 71]","[702, 1005, -426, 516]","[-6, -4, -2, 2]","[1, 0, 3, 0]",4,11,"[-14, -6, 6, 5]","[0, -10, 7, -8]",0,4,2130739327,"[-53580, 68559, 66067, 57934]","[321480, -274236, -132134, 115868]","[127, -128, 0, 127]",0,"[""sat_pos"", ""sat_neg"", ""relu_zero"", ""sat_pos""]"
50,random_seed_021,random,21,50,4,1,"[-60, -92, -105, -26]","[35, -62, 91, 115, -43, 32, -116, -99, -8, -75, -26, 124, 105, 122, -56, 98]","[-125, -1011, 183, 808]","[-2, 5, 4, 4]","[4, 3, 1, 1]",5,10,"[6, -4, -12, -4]","[-16, 9, 5, 13]",1,1,2155839359,"[-8918, 14347, 3043, -17366]","[17836, 71735, 12172, -69464]","[127, 127, 127, -128]",1,"[""sat_pos"", ""sat_pos"", ""sat_pos"", ""sat_neg""]"
51,random_seed_022,random,22,51,8,1,"[70, -42, 22, -6, 46, 21, 7, 13]","[-79, -128, 23, 22, 66, -83, 75, -92, -52, -62, -105, -51, 76, -38, -55, -29, 122, 41, 50, 20, 43, 83, -7, 24, 88, 93, 92, -59, 88, 57, -45, 81]","[-296, 170, -818, -615]","[-5, 5, 3, 1]","[3, 1, 2, 3]",6,5,"[0, -10, 8, 5]","[-3, -9, -1, 13]",2,6,2139062144,"[1526, 1556, 8356, 7570]","[-7630, 7780, 25068, 7570]","[-128, 127, 127, 127]",0,"[""sat_neg"", ""sat_pos"", ""sat_pos"", ""sat_pos""]"
52,random_seed_023,random,23,52,16,1,"[-127, -128, -113, 9, 57, -5, 76, 73, 92, -104, 20, -96, -127, -31, -100, -11]","[101, -87, -73, -82, -89, -91, 25, 59, 85, 88, -46, 126, 121, -25, -112, 40, 100, -48, -41, -58, 46, 74, 3, 15, 81, 112, 85, 118, -37, -49, 20, 32, -12, -83, -30, 50, 104, 127, 38, -97, -128, 74, 20, 18, 52, -66, -114, -40, 10, 28, -76, 93, 93, -81, 114, -114, -31, -80, 108, -33, -19, -105, -51, -6]","[-473, 822, -619, -830]","[-4, -7, -7, -2]","[3, 5, 0, 0]",7,-2,"[-7, -12, 13, -1]","[8, -7, -6, 16]",3,3,2147516287,"[-14545, -12896, 9056, 30636]","[58180, 90272, -63392, -61272]","[127, 127, 0, -128]",0,"[""sat_pos"", ""sat_pos"", ""relu_zero"", ""sat_neg""]"
53,random_seed_024,random,24,53,32,0,"[-62, 26, 38, 81, -79, -5, 66, 83, -83, -2, -5, -30, 31, 4, 15, 86, -82, 26, -126, -125, -83, -39, -37, -87, -79, 69, 2, 117, 52, 38, 116, -51]","[-112, 9, 9, -33, -34, -60, -23, -57, -75, -1, -74, 122, 63, 76, -57, 56, 21, -82, 68, -4, -12, 0, 59, 63, -114, -64, -61, 55, -10, -111, -128, 60, -85, 108, 12, -54, 58, 65, 88, -25, -66, -62, -57, 37, 101, 58, 60, -108, -124, -8, 85, 57, 52, -71, -45, 64, -63, 95, 90, -55, -53, -75, 3, -121, 22, -70, 10, -107, 15, 110, -123, -8, -76, 111, 76, 98, -9, 68, 6, 126, -65, -35, 36, -81, -114, 17, 70, -44, -49, 110, 104, -14, -41, 14, 9, 118, -86, 110, 123, -50, 87, 67, 75, 32, 23, -4, -39, -88, -15, 103, -49, -62, -53, 19, -126, 68, -42, -13, -40, -95, 34, 2, 48, -35, -75, -61, -104, 117]","[-377, -520, 86, -18]","[4, 6, -7, 4]","[0, 4, 2, 2]",8,5,"[12, 5, -4, -12]","[-9, 16, -10, 1]",0,0,8421504,"[-14296, -3297, 12726, -3607]","[-57184, -19782, -89082, -14428]","[-128, -128, -128, 0]",1,"[""sat_neg"", ""sat_neg"", ""sat_neg"", ""relu_zero""]"
54,random_seed_025,random,25,54,64,0,"[64, -74, 127, -51, 103, 37, -64, 13, 22, -103, -80, -61, 77, 2, 75, -127, -56, -54, -72, 40, -9, -30, 3, 13, 102, 82, -77, -5, 103, 5, -114, -78, -99, 102, 90, -55, 79, 123, -109, -29, 95, 17, 69, -51, 124, 32, -99, 65, -15, -17, 61, 77, -117, -26, -126, -58, -112, -118, -54, -75, 48, -1, 63, 106]","[74, -13, -116, -91, 40, 58, 42, 40, -52, -46, 26, 98, 61, 84, -61, 60, -45, -14, 1, -23, -85, -56, -29, 123, -84, 40, 47, -22, 13, 18, 115, -65, -36, -86, -12, -117, -5, -113, 96, 87, -7, -22, 29, -41, -93, -44, 44, -12, 12, -63, -126, -85, -37, -82, -50, 23, -125, -101, -91, 31, 124, 114, 15, -18, -67, -100, 15, -78, 38, 84, -29, -25, 63, 63, 127, -28, -88, -20, 124, -41, -126, 107, -88, -7, 32, 53, 99, -102, -95, -107, 26, -54, -123, 6, 104, -21, 6, -90, -98, -60, 124, 66, 125, -112, 4, -58, -35, 80, -75, 12, 102, -28, -77, -26, 65, 91, 10, -14, 90, 113, 74, -48, 114, 110, 44, -85, -51, 6, 23, 21, -108, 26, 13, 13, 53, -121, -21, -118, -64, -32, -64, 2, 83, -74, 28, -87, 69, 8, -60, -118, -7, -106, 73, -46, -100, -30, 21, 69, -39, -37, -17, 79, 17, -32, -12, 67, -105, 66, 101, 115, -27, -110, -71, 111, 71, -109, 63, 106, -110, -36, 57, 114, -31, 63, -20, 24, 81, 64, 35, -38, 113, 61, -126, 20, 42, 30, 110, 58, -16, -8, -59, -39, 74, -53, 116, 83, -7, -122, -68, 106, 36, -53, 68, -19, -116, -60, -89, 5, 124, -15, -44, 88, 59, -91, -90, 126, 73, -123, 112, -48, 30, -109, 87, 16, -57, -103, -91, -1, 111, 73, 46, -76, 27, 123, 125, 85, -28, -61, -123, 7, 107, -102, 114, -76, -31, -19]","[665, 1013, 417, -240]","[6, 4, 4, -6]","[0, 5, 1, 1]",9,13,"[-16, -11, -14, -14]","[13, 12, 8, -5]",1,5,8355840,"[-39254, -98054, 29965, 34979]","[-235524, -392216, 119860, -209874]","[0, -128, 127, 0]",0,"[""relu_zero"", ""sat_neg"", ""sat_pos"", ""relu_zero""]"
55,random_seed_026,random,26,55,4,0,"[8, 48, -85, -39]","[19, -12, -12, -41, 18, 79, -115, 101, -113, 61, 76, -109, 57, 27, 40, -21]","[661, -628, -107, -708]","[3, -7, 1, -1]","[4, 0, 3, 1]",10,-8,"[-2, 8, 9, 6]","[2, -1, -10, 2]",2,2,2141519999,"[2416, 10096, -648, -497]","[7248, -70672, -648, 497]","[127, 0, -91, 127]",0,"[""sat_pos"", ""relu_zero"", ""negative"", ""sat_pos""]"
56,random_seed_027,random,27,56,8,1,"[44, 26, 14, 45, 5, -100, -82, 69]","[-6, 83, -67, 34, -128, 27, -75, 122, -33, -82, 46, 35, 79, -88, -2, 65, 118, -68, 81, 29, -74, -51, 40, 113, -100, -4, -21, 51, -4, 44, 51, -31]","[-963, -429, 860, 376]","[-7, 1, 7, 3]","[0, 2, 2, 2]",11,9,"[10, 13, 13, 4]","[12, -14, -1, -11]",3,7,8355584,"[13351, 12533, 14941, -12538]","[-93457, 12533, 104587, -37614]","[0, 127, 127, 0]",1,"[""relu_zero"", ""sat_pos"", ""sat_pos"", ""relu_zero""]"
57,random_seed_028,random,28,57,16,1,"[117, 106, -114, 42, 70, 4, 86, 34, 51, 39, 122, 3, -104, -46, 52, 16]","[22, -33, 93, 32, 11, 96, 119, 95, -113, 23, 72, -78, 104, 57, 62, 88, 27, 93, 42, 120, 91, 55, 67, -117, 61, 74, -113, 103, -33, -5, -62, 53, -77, 41, -104, -110, -100, -98, 15, 47, -97, -29, 57, -18, -42, -84, -32, 93, -24, -92, 86, -70, -81, 86, 24, -85, -77, -87, -56, -99, -1, -72, -30, 103]","[911, 684, -183, -149]","[-2, -4, -3, 2]","[2, 3, 0, 2]",12,-12,"[12, 1, -6, -1]","[-15, 4, 0, -1]",0,4,33017,"[-15, 20935, 4328, -47580]","[30, -83740, -12984, -95160]","[-7, -128, 0, 0]",0,"[""negative"", ""sat_neg"", ""relu_zero"", ""relu_zero""]"
58,random_seed_029,random,29,58,32,1,"[-47, -87, -30, -24, 8, -115, 29, 41, 46, -48, 99, -127, -125, 117, 19, -109, 11, 15, 69, -5, -79, -63, -21, -93, 13, -126, 14, -119, -108, -47, 60, -61]","[102, 59, -37, -11, 114, 45, -43, -112, -122, 113, 89, 61, 90, 67, -117, 66, -78, -48, 15, 60, 93, 123, -56, 122, 86, 93, -81, 65, 61, 74, 80, -108, -31, 19, 127, 115, 113, 91, 45, 11, 14, -120, 105, 110, -60, 47, 114, -28, -117, 57, -90, 49, -57, -118, -97, -41, 18, -45, 46, -20, -108, 45, 107, -24, -82, -81, -63, 13, -57, -48, 8, 67, -103, 75, 72, -91, 45, 73, 22, 93, -80, 43, 1, -115, -84, -58, 79, -21, -31, -27, -39, 36, -22, -50, 6, -20, 108, -29, -43, 99, 1, -65, -29, -128, -68, 0, -21, -26, 50, -98, 99, -72, -116, -115, -4, -110, -10, -57, -76, -38, 98, 107, -85, 47, -108, -88, -116, 58]","[-777, 738, -559, -187]","[6, -1, -3, 1]","[4, 1, 0, 0]",13,1,"[0, -14, 16, 8]","[-13, -12, 5, 15]",1,1,32768,"[-87353, 31247, 54214, -10994]","[-524118, -31247, -162642, -10994]","[0, -128, 0, 0]",0,"[""relu_zero"", ""sat_neg"", ""relu_zero"", ""relu_zero""]"
59,random_seed_030,random,30,59,64,0,"[-10, -53, 83, -77, 113, -3, -106, -109, -11, -7, 40, -20, 83, -9, -43, 62, -21, -50, 44, 92, 73, 20, 91, -101, 40, 108, 114, -113, 33, -31, 41, -85, 121, -67, 95, -66, -26, 83, -121, -15, -65, 33, -118, -36, 5, 118, 91, 66, -3, -58, 18, 119, 43, 44, 7, 120, 80, 99, -25, 89, -9, -67, 34, 48]","[-7, -10, -118, -59, 26, 21, -67, 109, 57, 82, 113, 2, -39, 68, 66, -23, -40, -109, 8, -92, 16, 98, -53, 91, 108, 108, 75, 52, -32, 66, -123, 80, -125, 117, 39, -60, -97, 126, 34, -28, 103, 13, 28, -125, 121, 72, -51, 111, -103, 86, 59, -83, -115, 9, -3, -14, 45, -25, -16, 107, 117, -91, -114, -124, 5, 89, 50, 111, -62, -54, 97, 6, -105, 37, 16, -10, -76, 108, -123, -10, 11, 113, 89, -31, -122, -91, 66, 43, -37, -40, 96, 117, -89, 98, 40, 16, -5, -108, -29, 46, 63, 53, 71, 43, 10, 90, 112, 65, -73, 119, -27, -94, -22, -90, 27, -119, -20, 3, -76, -78, -61, -51, 103, -4, 36, 30, 45, 40, 58, -60, 49, 31, 121, -42, -82, -82, 64, 55, -121, -38, 109, 43, -110, 113, -38, 99, -3, -38, 36, 51, 40, 29, 30, -88, 96, 0, -90, 78, -26, 73, -7, -16, -125, 93, -99, -27, -47, 51, 76, 49, 65, -118, -92, -39, 10, 65, 75, 91, 110, 113, 125, -20, -1, 45, -124, -32, 101, -84, 125, 26, 65, 32, -89, 13, -42, -109, 53, 85, -58, -25, 99, -16, 40, 44, 107, 91, 0, -12, 111, 11, 26, 65, 50, 123, 10, 114, -106, 35, -32, 35, -97, -7, -88, -32, -76, -40, -7, 70, -82, 115, -78, -106, -12, -21, -11, 18, -99, 53, 71, -109, -88, 58, 50, 39, 40, 60, 116, -39, 18, 29, 2, -120, 83, 107, -30, 27]","[-50, 112, 351, -593]","[1, 4, -3, -6]","[3, 2, 0, 5]",14,-5,"[-13, -4, 4, -12]","[10, 9, -8, 10]",2,6,128,"[-15891, -93102, 15944, 35463]","[-15891, -372408, -47832, -212778]","[-128, 0, 0, 0]",1,"[""sat_neg"", ""relu_zero"", ""relu_zero"", ""relu_zero""]"
60,random_seed_031,random,31,60,4,0,"[114, 55, 126, -53]","[46, -62, -127, 109, -34, 74, -24, 47, -45, -72, -119, -24, 60, 13, -58, 122]","[984, -941, 344, -557]","[1, -6, -5, 3]","[5, 5, 2, 5]",15,16,"[-7, 14, 8, -12]","[-14, 2, -8, 8]",3,3,8355584,"[-17171, -9762, -19732, -6832]","[-17171, 58572, 98660, -20496]","[0, 127, 127, 0]",0,"[""relu_zero"", ""sat_pos"", ""sat_pos"", ""relu_zero""]"
61,random_seed_032,random,32,61,8,0,"[75, 31, 121, -105, -23, -67, -86, 102]","[-75, -101, 112, 10, 40, 109, 23, -49, -65, 55, 96, -58, -66, -80, 60, -117, 21, 75, -116, -113, 94, 52, 50, -7, 60, 99, -127, 56, 112, -128, -9, -45]","[-375, -104, -101, -692]","[-4, -5, 3, -5]","[2, 0, 3, 5]",0,2,"[-12, 4, 2, 5]","[2, -4, 16, 14]",0,0,2139127935,"[-11582, 4438, -9208, -12382]","[46328, -22190, -27624, 61910]","[127, -128, -128, 127]",0,"[""sat_pos"", ""sat_neg"", ""sat_neg"", ""sat_pos""]"
62,random_seed_033,random,33,62,16,1,"[117, -70, 95, -63, -5, 1, 71, 4, 59, 114, -2, -18, 76, -101, -34, -10]","[-45, -5, 37, 33, 1, -40, 72, 105, 56, -70, -44, -118, -19, 102, 81, 50, -77, -115, -89, -64, -51, 45, -99, 77, 3, 124, 47, 103, 118, 44, 58, 95, -66, 111, 30, -64, -33, 45, -21, 101, -21, 82, -64, 4, -60, 23, -98, 30, -13, -123, -92, 59, -90, -107, 5, -108, -71, 38, 42, -114, 29, -23, -74, 96]","[736, 971, -320, 131]","[-5, 4, 3, -7]","[1, 4, 1, 5]",1,4,"[16, -11, 1, 9]","[-7, -16, 15, 12]",1,5,2155904895,"[-18224, 4129, -5659, 3877]","[91120, 16516, -16977, -27139]","[127, 127, -128, -128]",1,"[""sat_pos"", ""sat_pos"", ""sat_neg"", ""sat_neg""]"
63,random_seed_034,random,34,63,32,1,"[-107, 105, -95, -105, 75, -120, 46, 81, 118, -87, -39, 122, -110, 6, -63, 60, -101, 28, 28, 40, 97, -119, -118, -112, -110, 2, -14, 10, -32, 18, 76, -69]","[-120, -89, -55, -93, 105, 70, 35, -21, -94, -2, 110, 54, 40, 3, 119, -41, -92, 118, -112, -107, -58, -21, -93, -67, -3, 5, -63, 19, 9, 85, -96, 92, -77, -57, -112, 77, -121, -126, -56, 22, -49, 43, -84, -26, 33, -48, 65, -81, 103, -44, -70, -73, 32, -80, -66, -1, 26, 81, -16, -38, -75, -42, 42, -105, 49, 18, 30, 90, -17, 107, 96, -93, 99, -96, 38, -2, 63, -9, -41, 82, 83, -80, -3, -57, 118, -85, 4, -5, 14, 78, 9, 121, 113, -118, 18, 63, -59, -82, 62, 80, 19, -76, 64, -66, 110, -4, 45, 79, -92, 11, -31, 46, 51, 69, -12, 21, -100, 21, 56, -2, -55, 73, -124, 21, -98, 48, -46, 57]","[-109, -996, -104, -742]","[1, -7, -5, -3]","[4, 3, 3, 0]",2,-16,"[10, 15, 9, -1]","[6, 9, 4, -15]",2,2,2155839388,"[-1696, -15105, -3734, 11738]","[-1696, 105735, 18670, -35214]","[-100, 127, 127, -128]",0,"[""negative"", ""sat_pos"", ""sat_pos"", ""sat_neg""]"
64,random_seed_035,random,35,64,64,1,"[14, -47, -49, 116, 114, -101, -52, -37, -103, 28, 46, 14, -44, 18, 127, 106, 23, -30, -9, -37, 83, -93, -14, -89, -7, -42, -20, 7, -40, -67, 62, -33, -95, 47, -2, -36, 79, 99, 120, -103, -120, 57, -55, 38, 29, -125, -74, 73, 91, 37, 126, -78, -17, -120, 113, 46, -100, -51, -64, 59, -28, -68, 107, 119]","[-53, -66, -125, -88, -125, 23, 46, -105, -124, -106, 19, 70, -84, -71, -74, 17, 52, 77, 22, -86, 17, -67, -70, -121, 126, 104, 106, 61, -33, -19, 71, -116, -122, -89, 4, -33, -47, 61, 27, 91, 65, -56, 46, -109, 82, -17, -79, -74, 6, -68, -8, -37, -117, -87, -28, -11, 55, 66, -42, -63, 28, -94, 31, -72, -72, -15, -97, 47, 108, -83, -4, -50, 45, -1, 19, -33, -11, 96, -16, -24, 74, 83, -27, 18, -1, 46, -83, 108, -59, -6, -96, 10, 8, 110, -76, 86, 41, 54, -11, 14, 30, 104, -12, -66, 34, 25, 65, -18, 12, 63, -67, -74, 121, -8, 103, -31, 105, 116, -100, 86, 76, -35, -61, -73, -93, 83, 25, -64, -124, -66, 90, -100, -31, -10, 20, -82, -9, -3, 101, 35, 81, -42, 94, -120, 42, 79, -84, 31, 89, 24, -95, 85, 72, -8, -95, -39, 6, -61, -49, 86, -106, 104, -36, -111, 90, 83, -89, 82, 37, 64, -53, -107, 69, -96, 88, -116, 26, 36, 80, 107, -109, -15, -122, 12, 114, 100, 81, 51, 109, -10, -75, 73, 120, 83, -11, 67, 1, -16, -125, -65, 10, 53, 61, 79, -39, 6, 29, -90, 12, -14, -76, 26, -122, -116, -109, 112, -55, 18, -98, 50, 18, -5, 23, -91, -9, 68, 23, -26, -99, -67, -64, -33, 78, -79, -75, -72, 52, 78, -108, -102, -79, 123, -118, 13, 79, 79, 41, -31, -70, -56, 32, 124, 45, -94, -14, -49]","[862, -81, 378, 609]","[4, -2, -2, -3]","[0, 1, 4, 5]",3,-12,"[-6, 16, 14, 13]","[-16, -8, 9, -11]",3,7,2139062016,"[-5788, -15365, -36281, -48281]","[-23152, 30730, 72562, 144843]","[0, 127, 127, 127]",0,"[""relu_zero"", ""sat_pos"", ""sat_pos"", ""sat_pos""]"
65,random_seed_036,random,36,65,4,0,"[-83, -125, -94, 78]","[-5, -95, 15, 39, 24, 65, 71, -34, 126, 75, 27, 30, 116, -20, 71, -107]","[183, -28, 200, -450]","[-5, 5, -4, 1]","[5, 2, 4, 2]",4,-13,"[-5, -3, -3, -12]","[-1, 7, 6, 0]",0,4,2155839616,"[12647, -18349, -16993, -23882]","[-63235, -91745, 67972, -23882]","[-128, -128, 127, -128]",1,"[""sat_neg"", ""sat_neg"", ""sat_pos"", ""sat_neg""]"
66,random_seed_037,random,37,66,8,0,"[-51, -91, 115, 100, 105, -9, 95, 106]","[16, -40, 23, -69, -109, -42, 121, -93, 13, 58, 52, -56, 36, -72, -123, 91, -102, 113, 96, 103, 19, -7, -22, -114, -109, 73, 127, -62, 52, 68, 8, -67]","[-97, -658, 440, 0]","[1, 3, 7, 7]","[0, 0, 4, 5]",5,4,"[-5, 11, 15, 10]","[-4, -15, -14, -8]",1,1,2130739200,"[-8496, -7544, -831, 2087]","[-8496, -22632, -5817, 14609]","[0, -128, 0, 127]",0,"[""relu_zero"", ""sat_neg"", ""relu_zero"", ""sat_pos""]"
67,random_seed_038,random,38,67,16,0,"[-70, -106, -35, 18, -96, -83, 96, 12, -87, 13, -69, -116, 124, 110, -111, 51]","[100, -16, 75, 9, -42, -66, -64, -29, 92, 48, 45, 34, -34, -88, -63, 57, 115, 37, 38, -55, -91, -2, 57, -65, -60, 41, 24, -91, -119, 78, -47, 97, 16, 61, 50, -51, 79, -110, -15, 16, 14, -78, -19, -33, -80, 47, 94, -81, -30, 14, -110, 50, 81, -19, -17, -58, -49, -23, -52, -50, 97, 48, -12, 16]","[253, -585, 48, -956]","[-3, -6, -5, 2]","[3, 4, 2, 1]",6,13,"[-1, -8, -16, 12]","[9, 12, -10, -2]",2,6,2139029631,"[-24232, 13461, -34058, 36857]","[72696, -80766, 170290, 73714]","[127, 0, 127, 127]",0,"[""sat_pos"", ""relu_zero"", ""sat_pos"", ""sat_pos""]"
68,random_seed_039,random,39,68,32,1,"[-84, -47, 71, -9, 121, 110, -43, -33, -8, -67, 64, 17, 7, -95, -109, -30, -54, -88, -26, -23, -65, 83, 25, -43, 122, 94, -96, -79, -29, 44, 92, -121]","[-102, -108, 56, -45, -18, -17, 12, 123, -93, 106, 20, 12, 54, -28, -100, 45, -115, -128, -67, -19, 65, 122, 106, 12, -23, 82, 84, 33, 32, -63, -42, 91, 104, -123, 33, 74, -41, -44, 18, 108, 107, -86, 3, -47, -20, -116, 43, -44, 102, 103, 1, 121, 56, 19, 13, 35, 33, -16, -48, 67, -99, 52, 75, 80, 110, -14, -36, 103, 29, 85, 62, -1, -15, -109, 89, -72, 102, -125, 21, -126, 107, -33, -79, 102, 30, 96, -78, -111, -106, 69, 125, -78, 40, 122, -45, -84, -27, -121, 26, -87, 57, -23, 36, -98, 56, -27, 13, -123, 124, -24, 102, 23, 43, 101, 93, -55, -24, 27, -88, 50, -104, -105, -109, 94, 47, 102, 47, -107]","[-946, 974, 346, -445]","[-4, -3, -1, 5]","[5, 5, 5, 4]",7,10,"[4, -2, -10, 0]","[5, -10, 14, 12]",3,3,2147516160,"[21120, -25907, 20115, -3592]","[-84480, 77721, -20115, -17960]","[0, 127, 0, -128]",1,"[""relu_zero"", ""sat_pos"", ""relu_zero"", ""sat_neg""]"
69,random_seed_040,random,40,69,64,1,"[-117, -30, 59, 85, 93, 110, -58, -42, 103, 48, -19, -1, -6, -19, 53, -91, 32, -95, 79, 79, 126, 115, 78, 115, 117, 46, -4, -92, -119, 107, -31, 58, -56, 103, 61, -113, 26, -78, -52, -51, 93, 49, 37, -1, -47, -75, 88, 28, 60, 82, 66, 61, -73, -36, -122, -2, -76, 5, -71, -10, -105, 3, 90, -81]","[100, -21, 67, -24, 43, 16, -93, -122, -12, -115, 55, 80, -123, -30, -24, -98, -102, 97, 2, 67, -81, 70, -123, -68, 46, -25, -98, 67, 114, -31, -98, -125, 113, -7, 50, 34, 103, -40, 16, -64, 26, 76, -107, -48, -15, 53, -119, 41, -9, -74, -45, 49, 98, 126, 10, 18, -22, 44, -116, 23, -122, -34, -54, 123, 71, -88, 32, 89, 64, -120, 122, 1, -7, -68, 99, -12, 87, -65, 120, 62, -58, 85, -34, -21, -14, -1, 78, 101, 88, 32, 45, 42, 84, -36, 18, 50, -127, -3, -36, 83, -128, 85, 78, 9, 67, 25, -92, -60, 95, 5, 79, -108, 46, -44, 69, -60, 107, -63, -79, -112, 81, -120, 19, 57, 100, 77, -11, 56, 77, 72, -92, 95, -43, -3, -47, -62, 1, -39, 62, -30, -128, 26, -88, -30, 37, -49, -28, -81, -121, -61, 68, 0, -86, 87, 83, 125, 29, 101, 85, -41, 63, 105, -41, -64, 21, -124, 43, -12, -111, -114, 46, -117, 107, -128, -63, -39, 34, -50, 99, 63, 69, -40, 79, -65, 92, 39, -128, -19, -11, -124, 51, -56, -107, 1, 29, 72, -99, -26, 19, -121, 124, 89, 67, -24, -44, 6, -100, 37, 21, -68, 69, 29, 88, -97, 118, -57, -124, 40, -61, -74, 93, -121, -34, -57, -4, -26, 111, -50, -108, 1, -38, -82, 45, 80, -11, -62, -16, 64, -77, -59, 11, -91, 47, 3, 40, 80, 123, -24, -5, 34, -4, -76, 10, -40, -120, -40]","[686, -958, -737, 669]","[4, 4, 5, -6]","[0, 1, 5, 4]",8,-10,"[-6, 3, 13, -4]","[11, -13, 2, 13]",0,0,2139127936,"[-59368, -48605, -56700, -18206]","[-237472, -194420, -283500, 109236]","[-128, -128, -128, 127]",0,"[""sat_neg"", ""sat_neg"", ""sat_neg"", ""sat_pos""]"
70,random_seed_041,random,41,70,4,1,"[-18, -124, 117, 70]","[-70, -15, 124, 124, -120, -72, 20, 115, 74, -62, 43, -37, -118, 43, 86, -81]","[-149, -482, 491, -717]","[-4, 1, -3, 2]","[4, 5, 2, 1]",9,-7,"[-10, 12, 15, 8]","[7, -14, 0, -7]",1,5,8421120,"[28030, 19721, 8319, -607]","[-112120, 19721, -24957, -1214]","[0, 127, -128, 0]",0,"[""relu_zero"", ""sat_pos"", ""sat_neg"", ""relu_zero""]"
71,random_seed_042,random,42,71,8,0,"[6, -76, 85, -63, -20, 55, -71, -96]","[92, -34, 66, 105, 65, -112, 33, 77, 0, -97, 46, 11, 120, -3, -35, -61, 60, -82, -107, 79, 17, -48, -40, -109, 57, 93, -26, 115, 0, 56, 109, -8]","[498, 232, -521, 588]","[1, 7, 5, 7]","[4, 3, 4, 1]",10,4,"[15, 10, 1, -10]","[-11, -7, 10, 11]",2,2,8355712,"[-12554, 18793, 3455, -23188]","[-12554, 131551, 17275, -162316]","[-128, 127, 127, 0]",1,"[""sat_neg"", ""sat_pos"", ""sat_pos"", ""relu_zero""]"
72,random_seed_043,random,43,72,16,0,"[-29, -89, -90, -106, 93, -71, 77, -32, 87, 75, 4, -28, 126, 122, -50, 101]","[95, -106, -72, -2, -4, -2, 107, -51, 27, -108, -49, 94, 33, 83, 87, -110, 3, 94, 11, -46, 33, 92, -107, 22, -18, -107, -123, -98, 55, -29, -11, 82, 38, 21, 46, -92, -59, -82, 125, 104, 45, 15, 102, 50, -83, -58, -63, 124, 91, -98, 63, -41, 0, -19, -26, -127, 97, -104, 86, -10, 94, 124, 12, -28]","[-115, 321, -141, 488]","[1, 2, -7, -4]","[5, 1, 5, 0]",11,7,"[-14, 1, -15, -8]","[-6, 6, -9, 14]",3,7,8388735,"[14080, -10816, 10859, 33291]","[14080, -21632, -76013, -133164]","[127, 0, -128, 0]",0,"[""sat_pos"", ""relu_zero"", ""sat_neg"", ""relu_zero""]"
73,random_seed_044,random,44,73,32,0,"[-83, -42, -66, 17, 86, 11, -19, 90, -103, -127, -77, 27, 99, -76, -93, -92, 81, 121, -23, 53, 88, -29, 107, 45, -72, -122, 115, -53, 91, 50, 19, -24]","[-105, 124, 59, -17, 52, -85, 57, -128, -15, 74, 67, -1, 34, -105, -4, 36, 11, 60, -56, -63, 20, -22, -51, -33, -33, -120, -13, -110, -25, 40, 37, -1, -81, -41, 42, 41, -27, -73, 52, 110, 36, -8, 42, -20, 71, 93, 71, 25, 90, 109, -75, -109, 115, -17, -85, -63, 105, 95, -49, 0, -25, 48, 99, 123, 88, 97, 8, 64, -74, 5, 1, -81, -2, 16, -102, 103, -58, 86, -42, 61, -17, 38, 127, 95, 55, -128, 21, -55, -54, 95, 19, -75, -103, -21, 60, -128, 34, 27, -102, 10, 111, 87, -82, -105, -66, 121, -15, 56, 59, 118, 61, -24, -59, 87, 100, -66, 56, -75, -9, -101, 21, 23, 115, 118, 80, -25, -57, 115]","[-682, 888, 268, 98]","[-4, 1, 6, 1]","[4, 0, 1, 4]",12,3,"[-2, -14, 1, 12]","[11, -2, -6, 0]",0,4,32896,"[9056, -16424, -23637, -1129]","[-36224, -16424, -141822, -1129]","[-128, -128, 0, 0]",0,"[""sat_neg"", ""sat_neg"", ""relu_zero"", ""relu_zero""]"
74,random_seed_045,random,45,74,64,1,"[35, 52, -112, 114, -11, -127, 30, 50, 88, 73, 78, -50, 102, -4, 94, -123, 93, 116, 3, 63, 123, -27, -39, 2, 26, 76, 32, 39, 62, -95, -90, 72, -78, 34, 108, 11, 67, 5, 123, -127, -34, -47, 24, 124, -36, 20, 63, -57, 40, -104, -117, 27, 54, -53, 50, 39, 23, -16, -98, -123, 7, 21, -78, -75]","[-33, 74, -26, 15, 53, 20, -90, 123, -128, -87, -121, 43, -41, -61, -15, 25, 68, 104, -112, -128, 2, 109, 39, -53, -109, 5, -17, 119, -41, -127, 35, 108, 6, -26, 41, -84, -2, -39, 84, 26, 125, 98, -107, 96, -34, -103, -10, 62, 91, -121, -72, 92, -114, -121, 46, -102, -109, -53, -75, 69, -116, 90, -94, -48, 33, 28, -38, 6, -25, 105, 96, 100, 104, 60, -61, 30, -58, 59, 20, -96, 102, -18, -19, -72, -97, 68, 119, 10, -91, 98, -3, 39, 109, -55, 26, -10, 121, -112, 79, -30, 35, 125, 52, 76, 118, 70, 123, 30, 9, 33, 30, -115, -99, -124, 95, 118, -92, 18, 74, 27, -95, -44, -89, -83, 121, -48, -20, -97, -55, -32, 65, 112, -68, -70, -7, -124, -45, -86, -66, -91, -50, 46, 3, -13, 32, 77, -102, 115, -128, -126, 69, -25, 34, 90, 90, -22, 41, -52, -35, -8, -123, 27, 127, 102, -70, -25, -55, -119, -65, 120, 102, -2, 124, 61, 94, -41, -27, -100, 69, -112, 37, -82, -112, 112, 112, 36, 47, 5, 65, 44, -94, -92, -40, 12, -39, -77, -88, 39, -81, -13, 30, -78, 112, 90, 9, -104, 127, -100, -20, 43, -66, 122, 59, 67, -13, 0, -62, 56, 8, -125, 84, 5, 123, 73, 103, 15, 48, -68, 118, 48, -77, 21, 59, 44, 85, -13, -112, -39, 23, -72, -14, -8, 93, 92, -40, -116, 83, -121, 72, -103, 46, -65, 85, -26, 19, -82]","[-689, -243, -534, -109]","[4, 1, 2, -7]","[0, 3, 3, 5]",13,-11,"[-10, -15, 9, 8]","[-4, -7, -10, 6]",1,1,8355711,"[34240, 73883, 48173, 25583]","[136960, 73883, 96346, -179081]","[127, 127, 127, 0]",1,"[""sat_pos"", ""sat_pos"", ""sat_pos"", ""relu_zero""]"
75,random_seed_046,random,46,75,4,1,"[-128, 13, -118, 28]","[-64, 52, 93, 47, -32, -95, 65, 101, 25, 17, -78, -109, 10, 12, 82, -30]","[-688, -692, 210, 692]","[4, -2, 1, 1]","[2, 5, 4, 4]",14,9,"[-12, 4, -10, 16]","[-15, -12, -5, 4]",2,6,8353152,"[-5522, -2060, 2278, -7758]","[-22088, 4120, 2278, -7758]","[-128, 117, 127, 0]",0,"[""sat_neg"", ""positive"", ""sat_pos"", ""relu_zero""]"
76,random_seed_047,random,47,76,8,1,"[55, -3, -120, -40, 43, -108, -45, 55]","[-88, -79, -104, 35, 100, 102, 62, -2, 94, 19, -16, 10, -87, 71, 31, 102, -73, -9, 98, 52, 83, 104, -60, -99, 101, -98, 23, 56, 114, 14, 41, -53]","[345, 239, 571, -803]","[1, -1, 5, -7]","[1, 5, 2, 0]",15,7,"[0, 6, -3, 10]","[14, -13, -2, 0]",3,3,2130707712,"[-2976, -576, -28994, -520]","[-2976, 576, -144970, 3640]","[0, 5, 0, 127]",0,"[""relu_zero"", ""positive"", ""relu_zero"", ""sat_pos""]"
77,random_seed_048,random,48,77,16,0,"[35, 48, -35, 44, -118, -119, -82, -1, 40, 22, 77, -52, 17, 22, -84, -58]","[14, -29, 6, -114, -57, 124, 99, 32, 123, 67, -99, -95, -37, 53, 56, -41, -22, 124, -60, -78, 70, 28, 17, -23, 107, 121, -33, -17, 19, -58, 123, 83, 10, 42, -29, 125, -107, 118, -17, 6, 30, 63, 49, -60, -34, -104, 23, 108, 108, 39, -115, 18, 33, -56, -123, -36, 102, -7, -70, 35, 127, -25, -124, -63]","[1004, -533, 69, 748]","[4, 6, 5, 4]","[5, 1, 1, 2]",0,-4,"[-5, 14, -11, 10]","[-11, 5, -12, -16]",0,0,2139062400,"[-19874, -16336, 6251, 37676]","[-79496, -98016, 31255, 150704]","[-128, -128, 127, 127]",1,"[""sat_neg"", ""sat_neg"", ""sat_pos"", ""sat_pos""]"
78,random_seed_049,random,49,78,32,0,"[65, 38, -120, -87, 11, 121, 74, -48, 97, -64, -111, -105, 70, 6, 46, -16, -31, -12, -104, 116, 81, 123, -78, 102, 31, 12, -52, -75, -120, 32, 120, 81]","[96, 74, 70, 24, 4, 108, -18, -75, -59, -113, 8, 68, -81, -57, 82, -120, -30, -24, 51, 17, -49, -118, -31, -13, -97, -44, -84, 30, 60, -122, 80, 103, -22, -3, -76, -35, -77, -41, -80, 110, -85, -31, 23, -9, 32, 52, 117, 20, -60, -42, -96, -60, -104, -40, -66, 60, -96, -119, 10, 100, 37, 5, -39, -47, -70, 88, -11, -41, 127, -22, 85, 49, 98, 100, -93, 3, -6, 114, -112, -100, 98, 20, -37, 21, -78, -22, 32, 102, 83, 0, 81, -67, 88, 74, 99, -5, 104, 34, 72, 0, -37, 84, -57, 70, 95, -101, -71, 110, -78, 63, -61, 55, -103, -84, -37, -101, 21, 24, 35, 79, -103, 5, 74, 81, -68, -29, -38, -54]","[-187, 826, -381, -555]","[2, 6, -4, 4]","[3, 3, 1, 4]",1,9,"[3, 16, 13, -15]","[-13, 13, 12, -1]",1,5,2155905024,"[-4570, -20377, 19181, -5297]","[-9140, -122262, -76724, -21188]","[0, -128, -128, -128]",0,"[""relu_zero"", ""sat_neg"", ""sat_neg"", ""sat_neg""]"
79,random_seed_050,random,50,79,64,0,"[77, 116, 68, 66, 73, 116, -107, -83, -127, -14, 105, -49, -98, -66, -103, -2, 105, -115, 16, 85, 62, -68, 79, -81, -31, 4, 98, -120, 29, 30, 6, -109, -10, 49, 26, -104, -82, -73, 101, 87, -24, 15, 52, -24, 116, -4, -56, -42, -120, 68, 66, -68, 86, -116, 87, 36, 22, -79, 4, -101, 63, 33, 94, 119]","[98, -13, -10, 51, 107, -45, -90, 90, -20, 26, 16, -57, 3, -61, 124, -46, 88, -50, 102, 113, 47, 47, -11, -117, -105, -46, -127, 2, -59, 30, -78, 5, -35, -105, 119, 61, -61, -45, 85, -99, 85, 60, 108, 75, 50, 23, -99, -105, 42, 97, -7, -7, 83, 56, 58, 29, 36, -88, -57, 92, 61, 83, 120, -65, -128, -9, -35, -86, 97, 61, -42, -51, 88, -57, -84, 11, -95, -77, -20, 88, -48, -54, -126, 10, -105, 105, 29, -6, -66, -73, -82, -34, 13, -102, -49, -56, -100, -108, 20, -5, 113, -63, 117, -31, 91, -73, 53, 80, 61, -73, 27, -60, -48, -116, 14, 24, -11, 87, -92, -45, 77, 120, -87, -77, 39, 12, -52, 62, -110, 91, 76, -5, 84, 30, 73, 109, 49, 95, 31, -12, -58, -68, 81, -35, -25, 2, 79, 123, -35, 25, -74, -108, 43, -53, -20, 117, -80, 24, -59, 46, -124, -106, -53, -21, 7, 15, -66, -25, -30, -102, 67, 85, 27, -8, 77, 24, 9, -97, -69, -24, -104, -60, 0, 126, -115, -70, -70, 107, 123, -99, 46, -90, -37, 13, 77, -67, 104, 68, 1, 103, 92, -99, 99, 88, -55, 86, 74, 95, -115, 81, 4, -58, 48, 40, -111, 101, -43, -106, -2, 86, -44, -57, 13, 46, -128, -114, 14, 64, -2, -7, -95, -95, -28, -51, 65, -9, -111, -35, -23, -58, -14, -47, 42, 60, 76, -67, 56, -128, -14, 122, 57, -101, -38, 47, 41, 108]","[388, -769, -221, -778]","[7, -1, 3, 1]","[2, 5, 5, 4]",2,14,"[15, -14, -16, 4]","[-4, 7, 1, -2]",2,2,2155904895,"[71282, -17228, -61020, -71187]","[498974, 17228, -183060, -71187]","[127, 127, -128, -128]",0,"[""sat_pos"", ""sat_pos"", ""sat_neg"", ""sat_neg""]"
80,random_seed_051,random,51,80,4,1,"[-63, -13, 49, 73]","[125, 50, -107, 13, -47, -68, -5, 68, -65, -31, -55, -93, -22, 25, 63, 104]","[-558, 261, -198, 292]","[3, 1, 4, -6]","[5, 0, 1, 2]",3,5,"[-13, 10, 2, -4]","[-1, -6, 4, -12]",3,7,2155904768,"[-13444, 8825, -4016, 11286]","[-40332, 8825, -16064, -67716]","[0, 127, -128, -128]",1,"[""relu_zero"", ""sat_pos"", ""sat_neg"", ""sat_neg""]"
81,random_seed_052,random,52,81,8,1,"[37, 36, 54, -56, 51, 95, 10, -58]","[92, -45, 118, 4, 69, 53, -91, 111, -28, -90, -38, 117, -62, -111, 68, -72, -62, 33, -20, 115, 13, 124, -26, 125, 63, 96, 103, 49, 100, -42, 28, 50]","[7, 634, -661, 79]","[1, -4, 4, -6]","[3, 2, 5, 4]",4,2,"[-1, -15, -6, -14]","[-7, 13, 10, -2]",0,4,2147516287,"[8676, -18370, -4040, 8422]","[8676, 73480, -16160, -50532]","[127, 127, 0, -128]",0,"[""sat_pos"", ""sat_pos"", ""relu_zero"", ""sat_neg""]"
82,random_seed_053,random,53,82,16,1,"[34, -127, 81, -23, 0, 40, 57, -79, -102, 90, 88, -116, 3, 64, -35, 50]","[110, -113, 15, -118, 113, 5, -1, -46, -57, 17, -121, 74, -35, -105, -96, 33, 120, -8, -60, -99, 12, 25, 75, 8, -44, -12, 3, 16, -91, 10, -6, 49, 67, -83, 55, -22, 20, -55, 20, 80, 99, 99, 6, 84, 23, -49, 55, 60, -10, -108, 98, -109, 1, 66, -82, -29, 17, -121, 122, 110, 26, -48, 49, -35]","[629, -165, -303, 613]","[-6, -3, 2, -7]","[2, 5, 5, 2]",5,-5,"[-2, -7, -3, -15]","[-5, -14, -5, -1]",1,1,2148433920,"[11308, 12559, 311, 4894]","[-67848, -37677, 622, -34258]","[0, -128, 14, -128]",0,"[""relu_zero"", ""sat_neg"", ""positive"", ""sat_neg""]"
83,random_seed_054,random,54,83,32,0,"[63, -63, 46, 120, -51, -89, 96, -113, -57, 3, -94, 39, 89, -51, -126, 6, -103, 65, -29, 118, -97, -56, 98, 18, -85, -110, -29, 59, -109, -19, -91, -14]","[126, -52, 26, 25, -8, -15, 6, 68, 97, 105, 117, -125, 46, -109, 86, -84, -15, 84, -53, -122, -15, 91, -52, 107, -74, 25, 1, 71, -117, -30, -33, -78, -29, 97, 47, 0, -109, 39, -73, 41, -58, -102, 15, 77, -58, 60, 13, 92, 77, -34, -75, -29, -81, -60, -25, 65, -29, -85, -119, -70, 55, -109, 76, 42, 20, -85, -101, -92, 23, -88, -52, -86, -47, 114, -33, 123, -39, -47, -6, -65, 126, -82, -84, -79, -3, -112, -14, 37, 123, 9, 76, -9, 61, -1, -85, 103, -76, -9, -37, -79, 116, -5, -37, -97, -82, -17, -87, 101, -108, 0, 120, -102, 109, 7, 119, 25, -128, -105, 61, 57, -52, 29, 23, -110, 119, -117, 64, -9]","[16, 491, -357, -1018]","[2, 2, 1, 1]","[1, 3, 1, 2]",6,-5,"[-5, 7, 9, 11]","[8, 1, -3, -8]",2,6,2147483776,"[-1795, -20199, -20006, -28502]","[-3590, -40398, -20006, -28502]","[-128, 0, 0, -128]",1,"[""sat_neg"", ""relu_zero"", ""relu_zero"", ""sat_neg""]"
84,random_seed_055,random,55,84,64,0,"[81, -76, -54, -85, 17, 77, -100, 53, -31, -6, 24, 94, -114, 34, 9, -56, -93, 42, 45, 8, 93, 26, 20, 114, -128, 126, -93, -98, -81, 67, 89, -50, 79, 109, 113, -32, -50, -123, -54, -85, 101, -77, 86, -99, 125, 5, -22, 7, -81, 122, -90, -106, 28, 40, 74, -45, -51, 61, 56, 122, 57, -68, -7, -110]","[70, 37, 76, 82, 0, 121, -36, -26, 89, 26, 80, 50, 120, 101, 89, 45, 105, 35, 74, -93, -21, 27, 8, 56, 105, -47, -92, 43, 60, 5, 18, 78, 124, 112, -76, 27, 64, -17, -65, -106, -39, 37, -60, 76, -77, 37, 95, 89, -11, 65, -60, -78, 17, 70, 80, -41, -118, -17, -19, 12, 84, -25, -128, -19, -96, -26, -58, 91, -66, -7, 83, -123, -2, -53, 62, -109, -19, -51, 98, -55, 19, -27, -24, -112, 114, -68, 71, 37, -19, 75, 59, 39, -99, -37, -68, -126, -13, -94, 58, -94, -40, 52, 70, -98, -101, -8, -93, 95, -3, 31, 63, 91, -39, 119, -67, 36, 85, -4, 87, 18, 69, 73, 48, -79, 101, -73, 55, 90, 85, -91, 104, -121, -34, -3, 108, -24, -127, 42, 18, -22, 66, -83, -27, 40, -85, 66, 100, 58, 74, -24, 23, -67, -7, -69, 72, -33, 57, -72, 74, 37, -125, 72, -56, -98, 26, 111, -3, -104, 29, -120, -38, -89, -128, 118, -39, -95, 125, 45, 39, 28, 122, 90, 22, 73, 9, -97, 15, 27, 31, 64, -68, 56, -111, 18, -78, 32, 11, -18, 23, -74, -55, -105, -79, -45, 83, 54, -10, -32, -55, -123, 122, 6, 112, 108, 80, -95, 108, 45, 95, -98, 62, 115, 111, -30, -118, 114, -7, -56, 93, -122, 90, -10, -10, -48, -51, -62, 54, 124, -5, -120, 37, -69, 105, -113, 71, -67, 48, 72, 92, 93, 125, 31, -52, -9, -36, -31]","[719, 902, -567, 462]","[6, 1, 6, 2]","[2, 2, 2, 0]",7,2,"[0, 3, -12, 11]","[15, 13, -11, -9]",3,3,2130706559,"[12856, -18973, -33364, 16251]","[77136, -18973, -200184, 32502]","[127, 0, 0, 127]",0,"[""sat_pos"", ""relu_zero"", ""relu_zero"", ""sat_pos""]"
85,random_seed_056,random,56,85,4,0,"[13, -114, 68, 83]","[122, 59, -82, 57, -113, -113, 49, -1, -21, 46, -104, -33, 99, 79, -128, -96]","[653, 666, -368, -601]","[-2, -1, -7, -6]","[4, 1, 3, 0]",8,-16,"[-4, -16, 1, 12]","[-2, 8, -4, -1]",0,0,2139062399,"[-2380, 14304, -17602, -27096]","[4760, -14304, 123214, 162576]","[127, -128, 127, 127]",0,"[""sat_pos"", ""sat_neg"", ""sat_pos"", ""sat_pos""]"
86,random_seed_057,random,57,86,8,1,"[58, -21, 28, -105, 115, 116, 86, -58]","[-66, -44, -122, -109, -118, 28, 118, -121, -76, 64, -124, -50, 74, 64, -42, -9, -91, -41, -113, 75, -52, 112, -81, -96, 63, 24, -123, -102, -42, 38, -105, -103]","[-127, -779, 767, 543]","[7, -5, -2, 1]","[2, 4, 5, 3]",9,2,"[15, -4, -15, 6]","[9, -12, 7, -16]",1,5,2139062399,"[9665, 9101, -5456, 6963]","[67655, -45505, 10912, 6963]","[127, -128, 127, 127]",1,"[""sat_pos"", ""sat_neg"", ""sat_pos"", ""sat_pos""]"
87,random_seed_058,random,58,87,16,1,"[112, 85, -58, -106, -4, -99, -90, 74, 99, 19, 30, 119, 69, 117, 29, 12]","[-45, -14, 111, 36, 94, -118, 36, 121, 88, -84, -13, -98, -123, -50, -120, -11, 19, 105, 63, 13, 58, -105, -58, 90, -113, -27, -64, 30, -3, 99, -64, -105, -21, 42, 110, 44, -101, 56, -92, 16, -63, -29, 86, 16, 5, -72, -83, 46, -120, 118, 62, -101, -102, -16, -103, 76, 15, -86, -86, 22, 121, -2, 34, -23]","[420, 839, -689, -520]","[2, 4, 1, 1]","[3, 3, 3, 1]",10,11,"[-8, 14, 15, -4]","[6, 14, 11, 2]",2,2,2139127680,"[-17983, 24547, -21469, 31809]","[-35966, 98188, -21469, 31809]","[-128, 127, -128, 127]",0,"[""sat_neg"", ""sat_pos"", ""sat_neg"", ""sat_pos""]"
88,random_seed_059,random,59,88,32,1,"[-42, -94, 73, -90, 48, 74, -63, -4, 24, -113, 33, 4, 125, -127, -128, 26, 126, 90, 111, -127, 20, 90, 36, 76, -125, -5, 105, -70, -128, -74, -12, -76]","[119, 125, 125, 25, 2, 4, 80, -67, 31, -1, 111, -86, -88, -42, -88, -92, 84, -56, -15, 5, -78, 31, 108, -88, -115, 43, 17, 92, 3, -22, -112, 43, 38, 5, 34, 39, -61, 34, -71, -115, 41, -112, -89, 24, -22, -128, -47, -47, 25, 47, 69, -34, 57, 49, 107, 91, -49, -34, -13, -77, 46, 117, 99, -122, -103, 80, 7, -35, 124, -89, 89, 51, 116, -32, 91, -120, -86, -46, 42, -51, -40, -78, 125, 39, -26, 38, 29, 8, -104, 37, 104, -53, 6, 42, -74, -110, 59, 2, 35, 97, 22, 27, 83, 15, 69, -72, -118, -47, 124, -40, -47, -76, -47, 27, 69, 86, 68, 93, 24, 93, 21, 40, 47, -66, -14, 104, -92, 113]","[-773, -316, -97, 146]","[1, -3, -1, 1]","[1, 1, 3, 3]",11,8,"[-2, 11, -3, -7]","[-13, 7, -1, -7]",3,7,2139095167,"[1125, 75738, 24202, 14746]","[1125, -227214, -24202, 14746]","[127, 0, -128, 127]",0,"[""sat_pos"", ""relu_zero"", ""sat_neg"", ""sat_pos""]"
89,random_seed_060,random,60,89,64,0,"[28, 101, 74, -26, 87, 64, -32, 54, -26, -102, 11, -32, 109, 16, 73, -42, -90, 125, 44, -126, 49, 52, 105, 112, -16, 90, 115, -15, -58, -66, 93, -80, 108, 106, -114, -50, 15, -50, -114, -70, -78, 121, -47, 83, 15, -73, -17, 123, 60, 118, -92, -37, 118, 126, -51, -98, 93, 76, 75, -43, 100, -21, 111, 65]","[90, 100, 5, 8, -16, 115, -19, -37, -124, 31, -27, -88, 55, -66, 26, -92, 44, 3, -82, 47, -76, -73, 120, -85, 28, -114, 112, -4, -51, 69, 87, 28, -111, 92, 118, -27, -127, 38, 122, 116, -10, 83, -91, 101, 89, -21, -104, 88, -30, 127, -32, -25, -106, -88, 103, 83, 124, 71, -19, -77, -74, -109, -123, -117, 104, 11, -88, -99, 1, 67, -43, -125, 109, 96, -31, -18, 76, -7, 26, 38, -63, -94, 46, 6, -12, 45, -109, 55, -43, -60, 79, 105, 24, -66, 36, 117, 88, 17, 119, -17, 7, -79, -78, 84, -112, 79, 111, -24, 15, -34, -54, -66, 74, 37, -76, 68, 112, 107, 108, -100, -92, -49, -58, 109, 8, -105, -45, 68, -17, -54, 79, 127, 20, -8, 99, 8, 62, 82, 98, 18, 85, 64, -57, -103, -120, 45, 22, -84, -56, 103, 85, 92, -58, -31, -83, 34, -41, -56, -123, 11, 61, 76, 53, -87, -106, -71, 15, 101, -122, 108, -52, 42, -72, 32, -115, 105, 52, 54, -30, -72, 11, -34, -116, -86, -52, 78, 13, -86, -54, -6, -28, -87, 19, -28, -46, -83, -52, -81, 9, 12, 104, 105, 1, -10, 68, 79, 121, 122, -118, -4, 8, 13, 5, 68, 9, -54, -60, 104, 23, 120, 121, -118, -61, -96, -3, 85, -72, 26, 93, 85, -50, 0, 82, 67, 105, 60, -80, 72, -64, 37, -15, 25, 112, -95, 122, -41, -84, -42, -8, 28, 91, -97, 6, -51, -84, -56]","[-856, 112, -11, 532]","[-7, 3, 2, 3]","[1, 3, 0, 1]",12,-9,"[-4, 0, -10, -7]","[13, -8, -3, -10]",0,4,2139062143,"[-1991, 27966, 107995, 59515]","[13937, 83898, 215990, 178545]","[127, 127, 127, 127]",1,"[""sat_pos"", ""sat_pos"", ""sat_pos"", ""sat_pos""]"
90,random_seed_061,random,61,90,4,0,"[-107, 8, -6, 118]","[80, 109, -59, 103, 89, 42, 119, 56, 69, -91, 106, -104, -24, -31, -27, -106]","[-1022, -669, 694, 136]","[-2, -2, -5, -7]","[2, 2, 4, 3]",13,7,"[-1, -14, -2, -5]","[4, 12, -2, -10]",1,1,2139062016,"[2152, -6314, -20215, -8649]","[-4304, 12628, 101075, 60543]","[0, 127, 127, 127]",0,"[""relu_zero"", ""sat_pos"", ""sat_pos"", ""sat_pos""]"
91,random_seed_062,random,62,91,8,0,"[-108, -87, 20, -79, -93, -115, 58, 14]","[92, -32, 112, 56, 23, -88, 4, 104, 25, 36, 67, -9, 121, 110, -22, 91, -60, 62, 63, -85, -27, -119, 102, 114, 62, 26, -44, -91, 28, 29, 10, 124]","[848, -302, -959, 109]","[2, 7, 7, 6]","[0, 0, 5, 5]",14,-4,"[-12, -16, 16, 12]","[-13, 6, -9, 2]",2,6,8323200,"[-2031, -32040, 37738, -1291]","[-4062, -224280, 264166, -7746]","[-128, 0, 127, 0]",0,"[""sat_neg"", ""relu_zero"", ""sat_pos"", ""relu_zero""]"
92,random_seed_063,random,63,92,16,1,"[55, 43, 116, -87, 101, 27, 126, -116, -20, 5, -95, 11, 40, -97, 69, 104]","[-92, 17, -127, 44, 16, -65, -21, 81, -40, -120, -84, -61, 95, -54, 0, 6, 36, 8, 92, -34, -95, -45, -112, -38, -119, 31, 112, -95, -127, -118, -46, -41, -113, 11, 93, -105, -121, 49, -28, -112, 8, 2, 122, 75, 124, 48, -115, -37, 118, 85, 27, -118, -126, 6, 77, -21, -10, 40, -99, 28, 42, -21, -83, 94]","[-815, -887, 160, -710]","[6, 6, -4, -3]","[5, 5, 0, 2]",15,-13,"[-11, 8, 6, 6]","[-6, 5, -14, -15]",3,3,8323072,"[-18589, -27272, -13714, 37853]","[-111534, -163632, 54856, -113559]","[0, 0, 127, 0]",1,"[""relu_zero"", ""relu_zero"", ""sat_pos"", ""relu_zero""]"
93,random_seed_064,random,64,93,32,1,"[29, -73, -32, -36, -124, -100, -47, -39, -86, 121, 33, 111, 109, 121, -1, -70, 112, 20, -74, 110, -71, -51, 126, -120, -44, 121, 40, -86, 86, 24, 97, 112]","[-59, 80, -36, -13, -57, 12, 104, 126, -73, -80, 113, -76, -31, -124, -52, 119, -96, 8, 0, -48, 87, 69, 3, -84, 84, -3, -119, 66, 60, 30, -7, -9, 114, 39, 81, -99, -98, 19, 120, -11, 28, -13, 98, -57, 70, 64, 108, 67, 31, 56, -80, -111, 5, 121, -13, -121, 69, 81, 82, 104, 98, 22, 108, -43, 68, -106, 74, 106, -39, -47, -9, 9, -26, 111, -95, 30, -60, -53, -99, -73, -125, 33, -16, 3, 58, -8, 2, 28, 87, -65, -125, 2, 31, -23, -29, 67, -118, -23, 127, -88, -10, -5, 38, 108, -128, 106, 102, -19, 99, 24, -45, 75, 106, -113, -4, 124, -56, 41, 55, -85, 61, 23, 42, -44, 99, -22, -122, 28]","[380, -468, 13, 497]","[1, 6, -3, -6]","[4, 2, 3, 4]",0,0,"[5, -6, -9, 10]","[-2, 3, 6, -2]",0,0,2155839360,"[-71257, 31789, -4577, 71415]","[-71257, 190734, 13731, -428490]","[-128, 127, 127, -128]",0,"[""sat_neg"", ""sat_pos"", ""sat_pos"", ""sat_neg""]"
94,random_seed_065,random,65,94,64,1,"[-48, -28, -112, 4, -37, 65, -110, 79, 72, -14, 121, 55, 115, 117, 118, 57, 98, 122, -121, 112, 32, -66, -25, -51, 35, -81, 33, 96, 8, -85, 35, 120, -98, 40, 60, -69, -59, -67, 83, -87, -16, 101, -116, -79, -43, 14, 52, -8, -106, 63, 88, -1, 63, 47, -94, 21, -28, 13, 32, 39, 57, 17, -105, 20]","[-115, 44, 59, 100, -5, -121, 110, -118, -21, -3, -18, -82, -35, 33, 67, -31, 39, 94, 15, 46, 89, 125, 95, -121, -3, 107, -77, -124, -40, -78, -33, 80, 4, 74, 84, -30, -11, 5, -21, -128, 33, 96, -84, 31, 126, -94, 9, 1, 6, 111, 64, -58, -10, -126, -38, 119, -29, -37, 114, 33, 79, 52, 8, 84, 69, 31, -31, 83, 107, 80, -33, 85, -95, -49, -51, 70, -117, -95, 55, 120, 28, 96, 106, 80, 25, -23, -107, -81, 24, 33, -119, 19, -25, -85, 23, -52, -90, 67, 51, -55, -93, 52, 77, -58, 55, -104, -36, -28, 66, -71, -39, -62, 62, -113, 85, -48, -48, -12, 77, -46, 47, 15, -41, 91, 37, -58, 108, -11, 47, 41, -67, -28, -56, 3, -116, -105, -127, 106, 98, 32, 31, 69, 59, -52, 18, -2, -73, 61, 87, 59, -8, 93, -36, 91, -58, -9, 45, 18, -108, -64, 83, -47, -74, 89, -114, 26, 61, 29, 63, -29, -31, -79, 89, -29, -69, 93, -87, 92, 10, 23, -96, 45, 29, -34, -52, -116, -6, -95, -110, 64, 43, -71, 93, -3, -103, 81, -45, -60, -120, -72, -81, -5, 52, -18, 0, 62, 51, -105, -95, 45, -82, 57, 70, -88, 73, -58, 44, -74, 125, -55, -68, -40, 125, 40, -109, -73, 40, 123, 33, 98, -22, 72, 73, 0, -99, 33, -112, -101, 57, 117, 84, -16, 84, 9, 89, -100, 12, -44, -15, 8, -60, -81, 47, 123, 73, -97]","[2, -435, -773, -532]","[-3, 4, -3, -2]","[1, 0, 0, 4]",1,13,"[6, -13, 4, -5]","[-14, -6, -8, -16]",1,5,2155839488,"[22596, -1703, -1843, 42970]","[-67788, -6812, 5529, -85940]","[0, -128, 127, -128]",0,"[""relu_zero"", ""sat_neg"", ""sat_pos"", ""sat_neg""]"
95,random_seed_066,random,66,95,4,0,"[0, -34, -58, 50]","[-99, -45, -72, 71, -111, 115, -87, -9, -94, -5, 58, 39, 72, 76, 96, -108]","[224, 0, 704, 4]","[-2, 6, -5, 1]","[3, 1, 3, 3]",2,-4,"[-12, -10, -10, -7]","[-5, 16, -9, -11]",2,2,2155839360,"[8588, 58, -808, -13186]","[-17176, 348, 4040, -13186]","[-128, 127, 127, -128]",1,"[""sat_neg"", ""sat_pos"", ""sat_pos"", ""sat_neg""]"
96,random_seed_067,random,67,96,8,0,"[-32, -102, 3, 13, -86, 89, -87, -11]","[-11, 87, 93, 58, -32, 21, -119, -49, -84, 112, 45, 82, 104, 81, 113, -27, 114, 32, -18, 7, 48, -63, 122, 21, -52, 72, 110, -47, -50, -82, 66, 71]","[963, 187, -860, -235]","[-5, 3, 3, -6]","[2, 1, 2, 5]",3,-6,"[9, -3, -12, 9]","[13, 5, -16, -13]",3,7,2139095040,"[10760, -16556, -28717, -13704]","[-53800, -49668, -86151, 82224]","[0, 0, -128, 127]",0,"[""relu_zero"", ""relu_zero"", ""sat_neg"", ""sat_pos""]"
97,random_seed_068,random,68,97,16,0,"[-125, -36, -72, -120, 51, 83, 43, 2, 116, 105, 113, -123, -60, -59, -77, 125]","[66, 96, -21, -95, -77, 51, 47, 62, 63, -48, -47, -92, -51, -109, 34, -54, -12, -34, -57, -107, -110, 82, -105, -38, 27, 48, -111, 6, -115, 85, 28, 17, 102, 59, -29, 49, -96, 29, 0, -62, 1, 49, -69, -83, -64, -85, -1, 115, 120, 110, -92, 98, -89, -122, -5, -68, 20, 45, 55, 101, -46, 4, 118, 6]","[-592, 956, -464, 839]","[1, -4, -4, 6]","[3, 1, 2, 3]",4,0,"[2, -6, 7, -14]","[16, 6, 10, -8]",0,4,2147516543,"[11529, 13770, 9475, -43724]","[11529, -55080, -37900, -262344]","[127, -128, 0, -128]",0,"[""sat_pos"", ""sat_neg"", ""relu_zero"", ""sat_neg""]"
98,random_seed_069,random,69,98,32,1,"[106, -9, 26, 21, 69, -62, -41, 70, 21, -106, 110, 111, 8, 45, 1, -106, -78, -86, -70, 9, -49, 39, -99, 106, -44, 117, 58, -56, 82, -89, -116, -97]","[93, -50, 27, 124, -127, 82, 20, -55, 113, 124, -60, 111, -125, 103, 79, 106, -14, 5, 33, 66, -95, 58, 54, -105, -92, -57, -1, 102, -48, -60, 29, -68, -8, 4, 31, 42, -96, 95, 28, -119, 90, -29, -79, -92, -120, -100, -66, -125, 116, -120, -100, 19, -73, 121, 54, -26, 33, 68, -93, -3, -106, 30, 122, 50, -2, -29, 40, -119, 57, 31, 6, 15, -13, 110, -124, -1, -46, -48, -127, -103, 84, 37, -99, 103, -25, -44, 127, -27, 113, -98, -35, -124, -41, 70, -11, 53, -52, 109, 13, 111, 30, 15, 72, -75, 75, -9, -6, -68, 8, 45, -73, -7, -4, 24, -57, -28, -32, 31, -4, -32, 21, -56, -2, 11, -42, 29, -123, -7]","[-286, 579, -448, 218]","[7, 3, 1, 1]","[1, 3, 0, 1]",5,-8,"[-2, -12, 15, 8]","[-12, 16, -13, 0]",1,1,2147516416,"[-28859, -49124, -63613, -12948]","[-202013, -147372, -63613, -12948]","[0, -128, 0, -128]",1,"[""relu_zero"", ""sat_neg"", ""relu_zero"", ""sat_neg""]"
99,random_seed_070,random,70,99,64,1,"[115, -99, 118, -80, 12, -80, -114, 126, -47, 11, 10, -116, 49, -115, 104, 43, -36, -69, -29, -83, 82, 107, -31, 21, -55, -6, 101, -109, 33, 102, -45, 20, -67, -99, -112, 99, 81, -35, -29, -84, -20, 71, -76, -60, 104, -53, -108, 104, -32, -105, -61, -28, 15, -45, 94, 94, -37, -41, -126, 54, 88, -81, -109, 34]","[-125, 87, -98, 31, 0, 41, 86, -29, 17, -62, -23, 104, -122, -32, -69, -77, 83, 13, -64, -97, 120, 66, 61, 63, 9, -87, -120, 26, 31, 122, 92, 70, 4, 7, -110, 83, 29, 99, -47, 87, 28, -36, 59, 41, -106, -60, -127, 79, -37, -50, -113, 102, 36, -25, 70, 28, -97, 111, 12, 123, 34, -48, 21, 74, 105, 45, -50, -48, -54, 22, -122, 64, -45, 3, -96, -116, 74, 34, 25, 124, 102, 1, -18, 117, 115, 90, 50, 45, 68, 115, 7, 106, -125, 17, -125, -9, 32, -75, 93, -16, 74, 34, 71, 59, -41, 30, -7, -88, -77, 126, 115, 93, 39, 37, -34, 118, -33, -100, 92, -72, 65, 42, 113, 98, 59, -25, 74, -50, -13, 16, 106, 81, 81, -51, 17, 31, 41, -76, -40, -125, 24, -70, 99, -93, -121, -56, -66, 14, -107, -44, -37, -114, -5, -112, 35, 75, -121, -94, 59, -123, 4, 22, -26, -37, -126, -59, 87, -43, 122, 54, 28, -78, -3, 4, -14, -7, -92, -98, 67, -66, 79, 41, 19, -58, -19, 57, -87, -9, -83, -103, -72, 113, 40, -13, 33, 84, -46, -37, 123, 84, -91, 112, 98, 111, -50, -117, -32, 124, -91, -71, 58, -69, 90, 41, 64, -20, 35, 102, -6, 44, -9, -93, 26, 79, -110, -28, -2, 95, 52, -98, -120, -96, 3, -38, -122, -48, 70, 101, -18, -113, -72, 25, -53, -25, -2, 123, 104, -125, -27, -120, 45, 26, 86, -92, 41, -116]","[26, -706, 945, 255]","[1, 1, 4, 5]","[1, 0, 2, 1]",6,9,"[-15, 16, 5, 2]","[2, 9, -7, 3]",2,6,2139062144,"[-34564, 13303, 48403, 60853]","[-34564, 13303, 193612, 304265]","[-128, 127, 127, 127]",0,"[""sat_neg"", ""sat_pos"", ""sat_pos"", ""sat_pos""]"
100,random_seed_071,random,71,100,4,1,"[120, 16, -127, -51]","[68, 72, 78, -20, -42, 19, -77, -30, -54, 14, 99, -58, 5, 106, -17, -106]","[21, 618, -771, 707]","[-7, -4, -6, 5]","[5, 5, 5, 2]",7,8,"[15, -1, 6, 9]","[-14, -2, -6, -12]",3,3,2139029504,"[-27, 8157, -16206, 11330]","[189, -32628, 97236, 56650]","[0, 0, 127, 127]",0,"[""zero"", ""relu_zero"", ""sat_pos"", ""sat_pos""]"
101,random_seed_072,random,72,101,8,0,"[-100, 39, 96, -14, -126, -109, -69, 84]","[-58, -7, 8, -21, 58, 29, -13, -117, 94, -6, -49, -122, -87, 33, 68, -118, -28, -100, 92, -82, 30, 68, 79, 36, -119, 8, 58, -98, -102, 91, 28, 109]","[-347, 558, 779, 206]","[-6, 3, -5, -2]","[0, 5, 5, 3]",8,-2,"[10, -10, 6, -13]","[3, 3, 16, -10]",0,0,8355967,"[-11570, -21515, -2672, 27086]","[69420, -64545, 13360, -54172]","[127, -128, 127, 0]",1,"[""sat_pos"", ""sat_neg"", ""sat_pos"", ""relu_zero""]"
102,random_seed_073,random,73,102,16,0,"[116, 37, 93, -8, -27, -13, -74, -117, -115, -66, 126, 41, -87, -121, 56, -75]","[-79, 15, 94, 94, -119, -29, 111, -21, 105, 103, 26, -118, 112, 77, -31, 111, 88, 50, -100, -51, 71, -60, -28, -61, -77, -94, 103, 3, 28, -37, 17, -90, -29, 30, -34, 93, 85, -12, -32, -42, 40, -22, 76, 69, 72, -40, 76, -119, 115, 100, 111, -65, -119, -35, 42, 65, 32, 90, -50, -59, 107, 28, 46, -44]","[149, 774, 970, -80]","[7, 1, 7, 4]","[2, 2, 3, 3]",9,7,"[9, 13, 14, -3]","[-8, -4, -5, -9]",1,5,8355584,"[-52237, 56079, 24334, -7988]","[-365659, 56079, 170338, -31952]","[0, 127, 127, 0]",0,"[""relu_zero"", ""sat_pos"", ""sat_pos"", ""relu_zero""]"
103,random_seed_074,random,74,103,32,0,"[-93, -32, -122, -67, -70, -10, 58, 81, -56, 5, 100, -36, 62, 58, -89, -58, 97, -109, -124, -76, 113, 45, -20, 82, -63, 92, -108, 22, 56, -54, 127, 71]","[58, -52, -94, 96, 52, 3, 23, 30, -110, 102, -96, 36, 63, 63, -83, 30, 49, -125, 13, -53, -92, -53, 43, -12, 8, 6, -102, -37, -70, 21, -34, 110, -7, 37, -59, 44, -37, -82, 111, -7, -125, 125, -109, -7, -79, -110, 95, 12, 51, -86, -97, -21, -37, -122, -124, -84, -68, 83, -117, -114, -50, 125, 32, 2, 103, 121, -92, -9, -125, -7, -87, -105, -118, 0, -63, 31, -33, -25, -104, 122, -53, -69, -72, -41, -116, -116, 112, -40, 80, 45, -127, 91, 32, -27, -68, -76, -4, 64, -20, 124, 115, -111, -115, -6, -28, -75, 40, -50, -75, -109, 64, -106, -111, -87, 105, -116, -12, 27, -62, -93, -5, -35, 30, -56, -40, -4, 44, 115]","[432, -774, -428, 944]","[3, -6, -2, 5]","[4, 4, 2, 0]",10,0,"[5, 3, -6, -6]","[8, 3, 13, 8]",2,2,8323199,"[26260, 19696, -15003, -32594]","[78780, -118176, 30006, -162970]","[127, 0, 127, 0]",0,"[""sat_pos"", ""relu_zero"", ""sat_pos"", ""relu_zero""]"
104,random_seed_075,random,75,104,64,1,"[-90, -14, 56, 65, -59, -77, -36, 6, 54, -80, -5, 62, 106, 69, 69, 52, -123, 83, -19, -6, 8, -40, 27, -5, -72, 57, -76, 54, 124, -45, -88, 109, -17, 19, 79, 5, -72, -69, 117, -27, -76, 8, -43, 56, 120, -68, -102, 40, 124, -36, 73, -82, 36, 10, 24, 96, -99, -38, -15, 121, 118, 34, -2, -40]","[52, -111, 28, -61, -127, -104, -109, -80, -103, 103, 100, 7, -42, -78, 38, 82, -44, -46, 14, -59, 38, 52, -112, 67, -64, 14, 22, 45, -31, 99, 108, 51, -23, -49, -111, 90, 0, 79, -37, 108, 111, 97, 89, -93, 14, -35, 90, 65, 47, -13, 10, 77, 90, -64, 23, -91, 41, -106, -87, 71, 75, 126, 115, -72, -83, -117, 54, 66, -73, 25, -5, 1, -2, 48, -39, -41, -126, 75, -72, 55, 11, 58, 55, -80, 115, -68, -33, -67, 69, 124, 62, -12, 75, -101, -44, 71, -39, -128, 121, 83, 97, -28, 3, -126, 80, -112, -32, -104, -55, -106, 20, 49, 66, 86, -71, -105, 15, -7, 102, -30, -34, -78, 108, -83, -113, 71, 72, 8, -6, 37, 63, -9, -71, 62, 25, -46, -52, -109, -116, 47, -35, 32, -88, -74, 88, 13, 43, 65, -38, 1, 3, 17, 90, 52, 83, 113, 37, -15, 82, 40, -31, 32, -35, 96, -39, -24, -118, 110, -127, 88, -97, 17, 88, 38, 96, -19, 2, -113, 79, -47, -50, -116, -128, 11, -91, -106, 125, 28, 35, -6, -88, 71, -45, 47, 43, -84, -59, 95, 121, 66, -53, 50, -88, -99, -29, 90, -122, -1, -87, -32, 102, 5, -113, 70, -86, 20, -34, -63, 119, -31, 45, -8, -64, -110, 78, -63, 27, -84, 19, 94, 30, 66, -73, -128, 54, 97, 102, -54, 77, 96, -47, -66, -83, -119, -70, -79, 75, -114, 58, -87, -100, -55, -42, -64, 119, 63]","[347, 707, 848, 863]","[-4, -7, -3, -4]","[2, 3, 2, 1]",11,-9,"[2, 5, 11, -6]","[1, 11, -4, -14]",3,7,2139095167,"[-31171, 11534, 374, -53161]","[124684, -80738, -1122, 212644]","[127, 0, -128, 127]",1,"[""sat_pos"", ""relu_zero"", ""sat_neg"", ""sat_pos""]"
105,random_seed_076,random,76,105,4,1,"[-32, 58, 13, -34]","[20, -86, 119, -6, -44, -31, 47, -5, 81, 107, 54, 120, 16, -69, -119, -105]","[83, 907, 10, -342]","[-4, 6, -3, -4]","[0, 5, 2, 1]",12,-8,"[10, -8, 7, 13]","[13, 0, -11, -11]",0,4,2130739071,"[-3788, 1330, 2883, -5530]","[15152, 7980, -8649, 22120]","[127, 127, 0, 127]",0,"[""sat_pos"", ""sat_pos"", ""relu_zero"", ""sat_pos""]"
106,random_seed_077,random,77,106,8,1,"[104, -73, -85, 99, -88, 4, -122, 61]","[-77, 117, -7, 11, -100, -122, -81, -32, 30, 87, -75, -26, -108, -80, -101, 77, -61, 35, -19, 116, 50, -22, 45, 32, 35, -5, 116, -56, 11, 91, -26, -36]","[-783, -254, -888, -895]","[-4, 1, -6, -5]","[3, 0, 0, 0]",13,-14,"[-10, 16, 6, 4]","[8, -8, -14, 4]",1,1,2139062143,"[-3360, 23583, -2322, -10150]","[13440, 23583, 13932, 50750]","[127, 127, 127, 127]",0,"[""sat_pos"", ""sat_pos"", ""sat_pos"", ""sat_pos""]"
107,random_seed_078,random,78,107,16,0,"[56, -95, -58, -31, 7, -128, -75, -112, 127, 60, -89, 68, -37, 66, 86, 116]","[93, 57, -56, -93, -84, -84, 34, -31, 127, -102, 42, -66, -38, -63, -72, 121, 14, -118, 59, 119, -75, -1, -55, 62, -99, 64, 1, 56, -69, 23, 30, 72, -127, -90, -47, -13, -104, 67, -15, 41, 76, -86, 105, -47, 53, -22, -111, 83, 12, 93, 19, 18, -102, 54, 9, -11, -19, 102, 46, -19, -6, 43, 84, 114]","[-193, -63, -632, 894]","[3, 1, 2, 1]","[5, 0, 2, 2]",14,-1,"[1, 12, -12, 9]","[-14, 16, -9, -10]",2,6,2130739071,"[23500, 11952, -20729, 6475]","[70500, 11952, -41458, 6475]","[127, 127, 0, 127]",1,"[""sat_pos"", ""sat_pos"", ""relu_zero"", ""sat_pos""]"
108,random_seed_079,random,79,108,32,0,"[-82, -44, 93, -98, 52, 41, -27, 69, 65, -128, -61, 26, 34, 23, 42, 24, -41, 88, 50, -113, 45, 77, -26, 45, 126, -28, 103, 126, 112, 52, -45, -50]","[125, -95, -113, 25, -71, 33, 35, 14, -18, 59, -95, 115, 7, 27, -103, 37, 85, -95, -71, -9, 122, -9, 116, -7, 116, -106, -75, -111, 97, 80, 27, 6, -118, -62, -106, 2, -103, 116, 93, -56, 22, -2, 105, 25, 61, -97, 76, 51, 44, 34, -97, 33, -93, 16, 119, -103, -120, -120, -127, -97, 55, -4, 69, -84, -38, -65, -48, -102, 17, -57, -100, -46, 75, 5, -34, -101, 114, -101, 17, 16, 101, -66, 66, 23, 74, 89, -108, 117, -1, -107, -123, -63, 54, 57, -63, -24, -33, 29, 29, 110, -56, -34, 57, -26, -110, -102, 34, -24, 42, -71, -35, -103, -30, 56, 106, 22, 79, 45, 65, 60, 64, -34, -115, 94, -109, 40, 87, -104]","[152, 86, -229, -927]","[1, -4, -7, -2]","[5, 4, 1, 3]",15,-15,"[15, -13, -11, -2]","[-2, 1, -15, 12]",3,3,32512,"[-40471, -46068, 25004, 3571]","[-40471, 184272, -175028, -7142]","[0, 127, 0, 0]",0,"[""relu_zero"", ""sat_pos"", ""relu_zero"", ""relu_zero""]"
109,random_seed_080,random,80,109,64,0,"[-95, 30, 64, 112, -24, 119, 32, -7, 53, -110, -65, -1, -20, -49, -125, 77, 76, -26, 25, 91, -22, 68, 21, -29, 107, -80, 108, -9, 115, -123, 23, 70, -8, -11, 34, -76, 87, -92, -127, 90, -123, 31, -117, 118, -116, -95, -109, -7, 114, -125, 62, -92, -25, -28, -69, 40, 110, 56, 69, -29, 0, 11, -117, -3]","[-28, -25, 68, 1, 107, 91, -19, 113, -60, 21, -75, -127, -61, -49, 110, -13, -111, -1, 2, -55, -52, -7, -41, -49, -45, 77, -114, -59, 39, -20, 121, -35, -2, 102, -109, -16, -61, 87, -105, -74, 88, -52, 2, -105, 47, -62, -59, 79, 22, -127, 41, 61, 124, 103, 72, 78, 55, -75, -119, -78, 44, -42, 49, 104, -20, 1, 63, -39, 47, -123, -108, -99, -18, 69, 43, -32, 30, 47, 86, 85, 54, -48, 46, -34, 75, -122, 99, -126, 68, -19, -23, -41, 61, -73, -108, -21, 1, -42, -60, -25, 122, -28, 10, -27, 95, -78, -77, 26, 28, -70, -16, -67, -35, 43, 0, -50, -27, -21, -34, -63, -6, -66, 2, 83, 112, -30, -39, 1, -78, -81, 56, 118, 75, -9, -106, 87, -110, 18, 113, 20, 112, -64, 49, 64, -24, 8, 90, -37, -93, -12, -32, 53, -85, -97, -24, -71, 110, -31, 63, 51, -111, -20, 57, 77, -66, -26, 119, 108, 117, -65, -44, 7, -11, -121, -26, 37, 68, 107, -25, 51, -23, -13, -80, -91, -53, -20, 8, -109, 41, 103, 39, -82, 119, -116, 57, 115, 33, 36, -125, -24, 42, -58, 102, -1, 66, 67, -63, 3, 119, 75, 56, 24, -113, 85, -106, -88, -112, -53, -16, 90, 115, -26, 17, -38, 46, 109, -35, 102, 70, 43, 99, 55, 43, -104, 35, -90, 39, -4, 43, 43, 32, -57, 126, -36, -64, -82, -110, 37, 107, 49, 53, 35, 0, 122, 92, 89]","[469, 676, 694, 316]","[7, 5, -3, 5]","[5, 2, 1, 2]",0,-16,"[4, -9, 11, 4]","[-14, -10, -10, -11]",0,0,2139062400,"[-64745, -9776, -16247, 39485]","[-453215, -48880, 48741, 197425]","[-128, -128, 127, 127]",0,"[""sat_neg"", ""sat_neg"", ""sat_pos"", ""sat_pos""]"
110,random_seed_081,random,81,110,4,1,"[-104, -121, -78, 104]","[-104, -93, 13, -128, 80, -116, 77, -24, -98, 74, 35, -109, 43, 83, 78, -100]","[-615, 221, -118, -474]","[-2, 4, 1, 3]","[4, 0, 3, 2]",1,-2,"[-13, 4, -13, -9]","[5, -10, -12, -12]",1,5,2155905024,"[4021, -1767, -15625, -32984]","[-8042, -7068, -15625, -98952]","[0, -128, -128, -128]",1,"[""relu_zero"", ""sat_neg"", ""sat_neg"", ""sat_neg""]"
111,random_seed_082,random,82,111,8,1,"[56, -9, 80, 37, -125, -109, 19, -124]","[101, -13, -39, 98, 56, 105, -78, 125, -62, -31, 56, 54, 68, 91, -100, 25, -75, -107, 118, 91, -32, -114, 26, -4, -51, -74, -78, -113, 75, 12, 77, 5]","[1017, -153, 451, 539]","[4, -4, -6, -1]","[0, 1, 1, 4]",2,-5,"[14, -6, 8, -11]","[-12, -11, 7, 8]",2,2,2139127680,"[-24466, -20592, 28032, -24132]","[-97864, 82368, -168192, 24132]","[-128, 127, -128, 127]",0,"[""sat_neg"", ""sat_pos"", ""sat_neg"", ""sat_pos""]"
112,random_seed_083,random,83,112,16,1,"[108, -81, 119, -16, -56, -121, 33, 2, -24, -66, 21, -8, -25, 45, 3, -11]","[26, -47, -23, 98, 27, 72, 78, 64, -94, -90, -24, -25, -101, -123, 85, 18, -44, 72, -34, -99, 5, -10, -52, 117, 112, 100, -100, 4, -62, 122, -65, -67, -101, 41, -62, 87, 69, 90, 73, 51, 113, 44, -54, -102, 20, -61, 15, 84, -12, -31, -30, 32, -5, -24, -15, -48, 113, 88, -20, 102, 89, -90, 118, 77]","[-773, -482, -289, 359]","[-2, 1, 6, 6]","[0, 0, 3, 0]",3,-12,"[-4, -6, -4, -14]","[6, 6, 13, 3]",3,7,2155872383,"[-1294, -17240, -41445, -10701]","[2588, -17240, -248670, -64206]","[127, 0, -128, -128]",0,"[""sat_pos"", ""relu_zero"", ""sat_neg"", ""sat_neg""]"
113,random_seed_084,random,84,113,32,0,"[126, -15, -111, -120, 43, 115, 80, -84, 9, 46, 1, 106, -92, -98, 2, -10, -54, -109, -76, 48, 114, 31, -105, 122, 63, -67, -90, 123, 96, -84, 84, 68]","[31, -93, 110, 97, -101, -57, -97, 98, -112, -83, 98, 7, 124, 108, 4, -13, -83, -15, 78, -30, -45, -47, 52, -115, -125, -63, -40, -2, -114, -18, 106, 62, 112, 56, -37, -98, 94, -71, -106, 103, -10, 33, -94, 124, 17, -48, 43, 43, 115, -43, -118, -3, -42, 109, -127, -26, 76, 22, 58, 31, -80, 29, 127, -98, 58, 22, 88, -121, 70, 104, 38, -79, 47, -40, -118, -110, -77, -32, 68, 126, -39, -61, 102, 71, -44, 112, -94, -77, -119, -56, 48, 114, 2, -94, -103, 114, 84, 3, -109, 28, 121, 13, -53, -117, 125, 24, -106, 33, 90, 15, 126, 72, -14, 100, -79, -36, -48, 36, 6, -123, 11, -69, 56, -117, 105, 123, -108, 34]","[-612, 903, -328, 791]","[-2, -2, 7, -3]","[3, 0, 4, 3]",4,6,"[-3, -9, -14, 8]","[1, 14, 6, -3]",0,4,2139062399,"[-94253, 36495, 48497, -20345]","[188506, -72990, 339479, 61035]","[127, -128, 127, 127]",1,"[""sat_pos"", ""sat_neg"", ""sat_pos"", ""sat_pos""]"
114,random_seed_085,random,85,114,64,0,"[-10, 118, -100, 67, 126, 121, 91, -37, 86, 46, -3, -19, 81, 3, 32, 87, 111, 108, -27, -16, -107, 73, 86, 124, -21, -87, 21, -78, 26, 6, -77, 114, 102, 2, 60, -33, -49, -22, -64, 94, 39, -108, 65, -67, 83, 60, 118, -31, -113, 76, 36, -111, 16, 96, 99, 40, -104, -1, -126, -122, -127, -98, 67, -22]","[-49, -2, -86, -29, -2, -35, -65, -121, -107, 112, 93, -79, 28, 34, 48, -12, -92, 50, -71, 84, 99, -66, -39, -93, -46, -123, 20, -77, 4, -12, -39, -89, 46, 66, 107, -90, 3, 27, 73, 31, -45, 32, -69, 113, 28, -126, 81, 114, 72, 126, -2, 10, 101, -68, 9, 95, -76, -85, -55, -26, 67, -34, 97, -59, 118, 60, 54, -2, 103, 126, -28, -85, 44, -71, -52, -20, -53, -46, -123, 23, -20, -3, 56, 5, -96, -44, 27, -79, -2, -3, 79, 4, 25, 2, 76, -116, 35, -29, -67, -103, 24, -124, -66, -36, 127, 70, 126, 119, 21, 40, 112, -16, -28, 88, -12, 78, 5, 47, -37, 65, 127, -60, -27, -10, -58, -121, 66, 71, -48, 103, 81, -109, -29, -102, 78, -92, 5, -28, -110, 87, -43, -106, 77, 77, 100, -42, 12, 113, 6, -15, 9, -79, 119, 41, 46, -21, -71, 39, -41, -38, 81, 69, 23, -7, -104, 106, 121, 86, -71, -94, -88, 32, -65, 57, 110, 127, -32, 98, -107, -94, -48, -115, 104, 28, -125, 58, 108, 106, 48, -106, -9, 78, 62, -75, -10, -47, -86, -76, -79, 115, 92, -34, -21, 5, -88, -125, -126, -110, -93, 1, 27, 69, -50, -29, 14, -100, -110, -128, 89, 58, 121, 113, 72, -74, -64, -9, -109, 5, -128, -111, -70, 66, 4, 113, -80, -21, 88, 121, 44, 108, 105, -115, 112, 71, -58, -22, 59, -16, -94, 46, -57, 75, 8, 43, -49, -128]","[279, -756, -117, -392]","[5, 2, -3, 7]","[3, 1, 2, 1]",5,-3,"[-14, -4, 13, 15]","[-13, -5, 14, -9]",1,1,2155839359,"[7020, 45528, -4158, -108104]","[35100, 91056, 12474, -756728]","[127, 127, 127, -128]",0,"[""sat_pos"", ""sat_pos"", ""sat_pos"", ""sat_neg""]"
115,random_seed_086,random,86,115,4,0,"[-82, -33, -7, 104]","[-59, 26, -5, -87, -109, -26, 105, -32, 54, 21, 83, -8, -61, 39, -41, 68]","[-819, -440, -169, -107]","[1, 1, 2, -5]","[0, 0, 4, 1]",6,11,"[9, -16, 14, -15]","[-13, 10, 13, -11]",2,6,2147516288,"[-3919, 4983, -7485, 9982]","[-3919, 4983, -14970, -49910]","[-128, 127, 0, -128]",0,"[""sat_neg"", ""sat_pos"", ""relu_zero"", ""sat_neg""]"
116,random_seed_087,random,87,116,8,1,"[-97, 8, -97, 117, 61, -87, 66, -9]","[75, 123, -113, -115, 13, -82, 111, 93, -35, -70, -1, -39, -106, 11, -95, -45, -83, 32, 126, -118, 118, 111, -35, 127, 48, -76, 53, 120, 13, 106, 47, 4]","[947, -779, -264, -853]","[2, 1, 4, 2]","[1, 0, 4, 5]",7,13,"[-14, 14, 10, -7]","[-3, -14, 16, -10]",3,3,2147483775,"[3225, -8770, -26091, -7670]","[6450, -8770, -104364, -15340]","[127, 0, 0, -128]",1,"[""sat_pos"", ""relu_zero"", ""relu_zero"", ""sat_neg""]"
117,random_seed_088,random,88,117,16,1,"[42, 99, -107, 121, -96, 104, 3, 67, 104, 34, 34, -62, -52, -37, 26, -2]","[-65, -120, 120, -114, -34, 118, 30, 21, 73, 105, -45, 11, 103, 55, 14, -1, -76, -17, -120, 5, 58, -59, 66, -26, -95, 125, -74, -59, 103, -12, -119, -113, 117, 106, -56, -7, -18, -49, 67, -113, 25, -56, 19, -55, -20, 67, -89, -116, -98, 65, 21, 34, -7, -49, 60, -70, 25, -33, -107, -118, 91, -113, 73, -31]","[586, -417, 301, -483]","[2, -6, -7, 3]","[1, 0, 5, 4]",8,4,"[-15, -16, -15, -13]","[6, 9, 3, -11]",0,0,2139127680,"[-19574, -12287, 15269, 5144]","[-39148, 73722, -106883, 15432]","[-128, 127, -128, 127]",0,"[""sat_neg"", ""sat_pos"", ""sat_neg"", ""sat_pos""]"
118,random_seed_089,random,89,118,32,1,"[-28, -122, 81, 36, 1, 17, 106, 58, 15, 57, 53, 55, 114, 36, 99, -86, -6, 99, 87, 97, 81, -115, 99, -22, -27, -1, 127, -28, 115, -83, -12, 109]","[-107, 25, 105, -99, 5, 68, 33, 123, 121, 91, 115, 94, -127, 113, -100, 63, -34, -122, 49, -73, -24, -77, 2, -55, 111, 35, -43, -62, 119, -72, -90, -96, -96, 5, -117, 11, -71, -20, 94, -54, 105, -35, -101, 120, 66, 91, 118, 121, 100, 121, -105, -50, -25, 42, -119, -58, -63, -29, 91, 125, -20, 11, 19, 15, 80, 20, 40, 11, -92, -102, -64, 122, -59, -17, -25, -12, 90, -114, 48, -125, 83, -47, -113, -1, -96, 19, 94, -124, -91, 113, 40, -70, -28, -24, -38, -119, -113, -9, -128, -21, -52, -111, 80, 61, 27, -12, 61, 38, -35, -93, 37, -74, -114, 26, -65, -79, -74, -82, 54, 27, 21, 22, -81, -103, -81, -92, 60, 115]","[-414, -399, -802, -800]","[2, -6, -2, -3]","[2, 0, 1, 4]",9,6,"[16, 3, -8, -9]","[-5, 2, 7, -3]",1,5,8421120,"[-7714, -4275, 7240, 22542]","[-15428, 25650, -14480, -67626]","[0, 127, -128, 0]",0,"[""relu_zero"", ""sat_pos"", ""sat_neg"", ""relu_zero""]"
119,random_seed_090,random,90,119,64,0,"[65, 124, -38, 12, 26, -108, 108, -93, -115, -101, 38, -119, -99, 0, -67, -61, 83, -20, -15, -35, 91, 81, 63, 34, 11, -19, 45, 63, -40, 57, 18, 121, 35, -68, -5, -87, -82, -59, -32, 101, 52, -67, -122, 48, 6, -6, 1, 36, 23, 89, 61, 109, 85, -119, -123, 110, -66, -62, -45, 30, 83, 102, 19, 75]","[12, 126, -87, -89, -60, 80, -120, 110, 8, -95, -35, 16, -100, -42, -21, -3, 8, -43, 103, -50, 25, 60, -98, -114, -118, -4, -30, 75, 8, -72, 34, 70, -101, 96, -59, 93, -14, -78, 18, -83, 12, -126, -50, -117, -18, -39, 117, -70, 10, -17, 31, -19, -49, 92, 51, -68, -56, -32, 39, -59, 40, 65, 41, -6, 9, 74, -76, 42, -104, 43, 59, -38, 100, 48, 122, 90, 112, -61, 101, -63, -3, -67, -41, 69, 72, -34, -63, 87, 71, -128, 56, 30, 71, -86, 114, 66, 40, 53, -84, 66, -99, 46, 20, 80, -25, 83, 54, 114, -85, -102, -120, 45, 63, -86, 25, 88, -30, 94, -79, -21, -1, -99, 76, 57, 44, 96, 77, 108, -21, -2, 84, 42, -126, -35, 61, -23, -118, -28, 29, 45, -83, -95, -54, 23, 55, -71, -111, -23, 27, -35, -31, 44, -128, 105, 31, -44, 105, 24, -19, 87, 57, -43, 75, 34, 78, 45, 88, 76, -82, 116, 0, -38, -18, -39, -110, -92, -65, 107, -21, 27, -37, 111, 3, -56, -121, 45, -91, -87, 43, 92, 69, -128, 86, -11, 21, -4, 124, 61, -39, 16, 41, 112, 38, -61, 10, 11, -23, 50, 113, 4, -38, -102, 95, 46, -64, 78, -122, -128, -78, -66, 24, 3, -112, -54, 75, -108, 114, 11, -99, 21, -25, 87, -32, 126, 104, 35, 113, 18, 1, 59, -10, 100, -7, -42, 103, 45, 111, 108, -39, -14, 57, -111, 54, -90, 49, -26]","[686, -339, 624, -417]","[2, 6, -7, 7]","[4, 1, 5, 0]",10,-9,"[-4, 7, 3, 16]","[10, 13, 12, 13]",2,2,8421248,"[-27182, 20836, 12068, -9357]","[-54364, 125016, -84476, -65499]","[-128, 127, -128, 0]",1,"[""sat_neg"", ""sat_pos"", ""sat_neg"", ""relu_zero""]"
120,random_seed_091,random,91,120,4,0,"[-20, -5, 5, -81]","[24, 26, 65, -23, 71, -8, -59, 92, 15, -39, -18, 97, 45, 81, 31, -32]","[795, 966, -559, -841]","[-2, 4, 3, -7]","[5, 5, 4, 2]",11,11,"[-7, 8, 1, -3]","[11, -10, 2, -16]",3,7,2139095040,"[346, -8057, -9071, -1209]","[-692, -32228, -27213, 8463]","[0, 0, -128, 127]",0,"[""relu_zero"", ""relu_zero"", ""sat_neg"", ""sat_pos""]"
121,random_seed_092,random,92,121,8,0,"[62, 96, -17, 47, 84, -65, 114, 106]","[-14, -56, 54, -27, 77, 8, -27, 105, -9, 39, 44, -67, 22, -113, 87, 111, -57, 84, -51, -116, -30, -51, -124, 93, -92, -62, -116, 11, 114, -39, -104, 83]","[186, 959, 976, 751]","[-5, 7, 3, -7]","[0, 1, 4, 1]",12,-11,"[-9, -4, -1, 10]","[11, 5, -5, -6]",0,4,2130739072,"[11710, 34439, -4819, -6768]","[-58550, 241073, -14457, 47376]","[-128, 127, 0, 127]",0,"[""sat_neg"", ""sat_pos"", ""relu_zero"", ""sat_pos""]"
122,random_seed_093,random,93,122,16,1,"[-64, 106, -100, -80, -99, 96, 90, 25, 32, -46, 60, 5, -64, 28, -10, 93]","[-17, 76, -44, -12, 55, -23, 34, -37, -82, -32, -18, -54, -74, 91, 12, 127, 117, 41, -118, 104, -34, 95, -88, 75, 91, -114, 88, -20, 25, 27, -71, -62, -10, -3, 9, -109, 32, 42, -116, -74, -7, -80, -68, -91, -78, -55, 23, 21, -64, 69, 28, 98, -123, -123, -24, -53, 75, -121, 124, -52, 78, 31, 105, -8]","[-271, 567, -134, -202]","[6, -4, -4, 1]","[0, 4, 3, 3]",13,11,"[-4, 12, -10, 0]","[11, 12, -16, 3]",1,1,2130739327,"[24750, 14314, 5842, 6240]","[148500, -57256, -23368, 6240]","[127, -128, 0, 127]",1,"[""sat_pos"", ""sat_neg"", ""relu_zero"", ""sat_pos""]"
123,random_seed_094,random,94,123,32,1,"[-103, -58, 99, 113, 40, -37, 104, 88, 72, -38, 15, -32, 101, -29, 21, 17, 39, 26, -94, 107, 108, -116, 80, 95, 66, -40, -76, 56, -23, 47, -67, -82]","[-25, -113, -32, 46, 65, 127, -109, -2, 114, 102, 75, 69, -120, -60, -3, -116, 45, 8, -30, 32, -7, 101, 59, -90, -11, -33, -58, 93, -29, -120, -93, 7, 82, 79, 10, 117, -65, -49, -115, -98, -47, -85, 0, -64, 126, 44, -57, 11, 86, 61, -34, 117, 13, -108, -16, -2, -57, -24, -70, -80, 41, -127, 120, -11, -47, 125, -64, -25, -94, 62, -91, -27, 101, 82, 51, -7, 117, -44, 47, 4, -77, -77, 103, 66, 110, 121, 16, -100, 61, 119, 56, 62, -84, 111, -18, -11, -2, 34, -120, 97, 24, -32, -15, 62, -19, 113, 119, -105, 59, 32, -7, 69, -65, 80, 75, -40, 121, -97, -26, 21, -79, 108, 75, -33, 63, 55, -107, 25]","[-339, 733, -827, -571]","[6, -6, -2, 5]","[5, 0, 1, 3]",14,16,"[14, -10, 13, -7]","[-10, 4, -9, -13]",2,6,2139029632,"[-7248, 13086, -31459, 2096]","[-43488, -78516, 62918, 10480]","[-128, 0, 127, 127]",0,"[""sat_neg"", ""relu_zero"", ""sat_pos"", ""sat_pos""]"
124,random_seed_095,random,95,124,64,1,"[112, -106, 0, 40, -21, -33, -43, 48, 18, 123, 86, 23, -62, -89, -87, -59, 103, -15, -81, 98, -5, -73, -19, 9, 105, 92, -60, -17, 67, 118, -83, -11, 9, -41, -11, -119, 47, -80, 56, 113, -32, 90, 72, 106, -3, 106, -101, 30, -66, 16, 61, 71, 31, -76, -123, 92, -117, 30, 88, -119, 40, 60, 48, -124]","[-108, 115, -34, 15, -43, -34, -10, 89, 56, 113, 60, -63, 115, -67, 83, -93, -88, 47, 85, 66, -39, 92, 38, -55, 92, -65, 123, 63, -79, -92, -3, -76, 93, -32, -91, -75, 50, 67, 9, 53, -112, -103, -115, 122, -113, -100, 12, -87, 35, 42, 26, 72, 79, 127, -10, 28, -21, -76, -118, -19, -86, -121, 8, 47, -76, 38, 27, -71, -105, 23, -67, -28, 61, -31, -12, -46, -1, 73, -94, -113, -126, -98, 69, -38, -111, -106, 83, 105, -4, 75, 21, 110, 20, -78, -49, 119, 6, -88, 127, -104, 47, 37, -35, -26, -25, 123, -105, 83, 26, 22, 46, -95, -5, 74, 36, 56, 36, -119, 108, 40, -44, 125, 35, -49, 10, -37, 109, 0, -35, 93, -89, 45, 0, -105, 34, -106, 99, 21, 12, -100, -17, 99, 88, -7, -114, 58, -81, 59, -77, -30, 81, 62, -116, -91, 52, 50, 48, 90, 16, 30, 70, -66, 101, -8, -85, -23, 57, -36, 26, 42, -45, -3, 4, 116, -24, -66, -102, -69, 30, 51, -103, 34, 40, -107, 118, -3, 83, 13, -126, -54, 110, -57, -52, 33, -20, -33, -93, -78, 119, 45, 125, 34, 71, -89, 85, 96, 89, -118, -61, 68, 65, 36, -46, 19, -98, -87, 31, -116, -52, 97, 63, -26, -102, 113, -92, 97, 85, -56, -104, -108, 42, 1, -117, 104, 13, 111, -29, 6, -104, 18, -38, -124, -34, -76, -101, 53, 2, -67, 84, -109, -31, 21, 119, -84, -112, -123]","[-393, 195, -979, 363]","[7, 6, 6, 1]","[3, 1, 1, 2]",15,12,"[5, 7, 6, 5]","[8, -11, -6, 3]",3,3,2130738944,"[-57928, 26052, -37461, 5769]","[-405496, 156312, -224766, 5769]","[0, 127, 0, 127]",0,"[""relu_zero"", ""sat_pos"", ""relu_zero"", ""sat_pos""]"
125,random_seed_096,random,96,125,4,0,"[49, 40, 32, -36]","[101, 3, -6, 34, -101, -76, -29, -88, 58, 51, 48, 52, -92, 7, 100, 59]","[850, -566, -166, 143]","[-4, -7, -5, -7]","[3, 2, 4, 2]",0,1,"[3, 12, -14, -4]","[5, -1, 16, -15]",0,0,2139127680,"[4128, -6993, 5305, -2759]","[-16512, 48951, -26525, 19313]","[-128, 127, -128, 127]",1,"[""sat_neg"", ""sat_pos"", ""sat_neg"", ""sat_pos""]"
126,random_seed_097,random,97,126,8,0,"[-97, -98, -118, -17, -54, -49, -36, 10]","[-96, 126, -18, -84, -76, -57, 5, 112, 35, 57, 82, 83, -22, -125, 39, 60, 95, -32, 45, -99, -53, 43, 29, -106, 45, -12, 23, 53, 68, 8, 66, -16]","[1001, -861, -955, 521]","[1, 1, 3, 1]","[5, 4, 5, 2]",1,11,"[-4, -16, 6, 7]","[-10, -9, 6, 13]",1,5,2155905151,"[8134, -25471, -7870, -11639]","[8134, -25471, -23610, -11639]","[127, -128, -128, -128]",0,"[""sat_pos"", ""sat_neg"", ""sat_neg"", ""sat_neg""]"
127,random_seed_098,random,98,127,16,0,"[104, -120, 77, 69, -22, 63, -16, 28, -124, -4, -61, 66, 83, 101, -4, -93]","[-20, 108, 49, -28, -99, -50, 91, -114, -29, -97, 107, 106, 9, -2, 0, -11, 55, 30, 122, 18, 80, 17, 15, -126, -7, 27, 118, 48, 2, 57, 100, 80, 62, 27, 12, -48, -47, 119, -100, -123, -89, 80, 12, -16, 115, 115, 111, 94, -73, -97, -79, 124, -9, -74, -36, -4, -95, -126, -29, -94, -95, 7, 72, -43]","[-344, 555, -599, -153]","[-3, -3, 6, -4]","[4, 2, 4, 3]",2,7,"[-3, 3, -7, -3]","[16, 14, 8, 14]",2,2,2155839359,"[-13177, -890, 25787, 11412]","[39531, 2670, 154722, -45648]","[127, 127, 127, -128]",0,"[""sat_pos"", ""sat_pos"", ""sat_pos"", ""sat_neg""]"
128,random_seed_099,random,99,128,32,1,"[33, -49, -32, 53, 9, -63, 50, -65, -97, -4, -68, 24, -103, -26, -37, 95, 11, -2, -81, -8, -67, 48, 111, 38, -83, 5, 110, -35, -16, -79, 101, 111]","[-74, 113, 105, 34, -6, 37, -93, 57, 94, 53, 25, -74, -95, -28, -78, -3, -76, 28, -37, 117, 24, -30, -81, 57, 30, 113, 88, -100, 77, 17, 59, -77, 124, -14, 108, -122, 83, -111, -107, -42, -125, -15, 35, -68, 41, -97, -119, 106, 64, 11, 11, 82, 22, 111, -88, -55, -47, -5, -115, -43, -47, -109, 32, -68, 12, 106, -38, -124, 83, -116, 119, 23, 25, -12, -86, -121, -36, -26, 116, 94, -36, 86, -75, -36, 82, -76, 122, 13, -107, -30, -88, -38, 37, -112, 69, 55, 104, 123, 21, -1, 64, 15, -117, 79, -45, -36, 24, 59, -87, 32, -50, -70, -117, 60, -6, -2, -76, -23, -101, -3, 113, 63, -88, -62, -25, -30, -34, -16]","[-302, -936, -677, -160]","[6, 1, 5, -2]","[5, 0, 1, 4]",3,13,"[-3, 4, 1, -3]","[2, -1, -1, 12]",3,7,2139062016,"[-28067, 18393, 45695, -33048]","[-168402, 18393, 228475, 66096]","[0, 127, 127, 127]",1,"[""relu_zero"", ""sat_pos"", ""sat_pos"", ""sat_pos""]"
129,random_seed_100,random,100,129,64,1,"[-54, 15, -9, 13, 8, -124, 62, 69, 88, -36, -36, 62, -38, 41, -23, 114, -29, 35, -63, 99, -58, -84, 100, -96, 45, -64, 99, -127, 72, -49, -9, -34, 100, 54, 103, 125, -59, -106, 47, 42, 2, -70, 81, 21, 62, -99, -80, 111, 54, 47, 90, -86, -86, -116, 92, -74, 83, 108, 18, 32, 101, 47, -88, -55]","[-95, -103, -122, -25, -69, 35, -119, -48, -48, -65, -34, 119, 25, 50, -4, -75, -104, 81, 90, 28, -69, 75, 24, 47, 84, -58, -16, 43, 27, -120, -105, 42, -56, 81, 29, 120, 63, -101, -105, -128, -70, 41, 97, 53, 19, 64, 102, -59, -123, -14, -49, 91, 5, -107, 75, -111, -73, -81, -34, 68, 14, -111, -103, 53, -72, -3, -18, 39, -8, 112, 22, -103, 11, -29, 64, 62, -36, 73, -39, -53, 62, 83, -44, 77, -44, 86, 22, -91, -77, -49, -127, -110, -82, -128, 36, -81, -32, 47, 124, 34, 22, -25, -99, -85, -87, -70, 21, -106, -72, 18, 99, -127, 66, 58, 8, -103, -114, 69, -83, -6, 64, -31, 74, -93, -38, -78, -61, -40, 110, 69, -45, 69, 89, 98, -16, 114, -59, -18, -100, 53, -64, -82, 68, -57, 124, -126, -68, -14, 56, -17, 76, 87, -78, -55, 79, -91, 117, 85, -56, 72, -8, 46, 12, 84, -20, -8, -95, -13, 42, 52, -49, 88, -125, -60, 75, -123, -4, -119, 24, 90, -65, -118, 70, -77, -123, 27, -120, 67, -84, -35, -88, 98, -45, -49, -126, -103, 71, 111, -33, 83, -8, 83, -74, -57, 113, -32, -79, -105, -98, -77, -38, -58, 119, 90, -63, -29, -28, 65, -15, -90, -33, 73, -93, 34, -114, 4, 84, 42, 18, -23, 52, 99, 61, -28, -77, -116, -89, -23, -96, -74, 96, -119, -4, -13, 101, -24, 27, 37, -29, 52, -28, 54, -11, 64, -26, -9]","[56, -859, -350, -984]","[7, 3, -4, 6]","[1, 2, 3, 4]",4,3,"[10, -2, -1, -7]","[0, 6, 6, 3]",0,4,2155839360,"[-9685, 8514, -12191, -44725]","[-67795, 25542, 48764, -268350]","[-128, 127, 127, -128]",0,"[""sat_neg"", ""sat_pos"", ""sat_pos"", ""sat_neg""]"
